553;Parcines - Partschins ;11.0749697222222;46.6832566666667;0;13 ME /
555;Tel 1 - Toell 1;11.0842097222222;46.6772913888889;0;13 ME / 
554;Tel 1 - Toell 1;11.08426;46.6772261111111;0;13 ME / 
6;Tel 2 - Toell 2;11.0872902777778;46.6786677777778;0;13 ME / 
99;Tel 2 - Toell 2;11.0882569444444;46.6789213888889;0;13 ME / 
557;Tel 3 - Toell 3;11.0918163888889;46.6803761111111;0;13 ME / 
556;Tel 3 - Toell 3;11.0918991666667;46.6804291666667;0;13 ME / 
558;Bivio Plars di sopra - Abzw. Oberplars;11.0971094444444;46.6831755555556;0;13 ME / 
559;Bivio Plars di sopra - Abzw. Oberplars;11.0980238888889;46.6831783333333;0;13 ME / 
561;Plars di mezzo 2 - Mitterplars 2;11.1066036111111;46.6827372222222;0;13 ME / 
560;Plars di mezzo 2 - Mitterplars 2;11.1067238888889;46.6826894444444;0;13 ME / 
563;Plars di mezzo 1 - Mitterplars 1;11.1128063888889;46.6842338888889;0;13 ME / 
562;Plars di mezzo 1 - Mitterplars 1;11.1129252777778;46.6843369444444;0;13 ME / 
565;Plars Seggiovia Velloi - Sessellift Vellau;11.1138311111111;46.6855472222222;0;13 ME / 
564;Plars Seggiovia Velloi - Sessellift Vellau;11.1139755555556;46.6856288888889;0;13 ME / 
9620;Lagundo scuole - Algund Schulen;11.118705;46.6820108333333;0;11 ME / 12 ME / SCOL_ME / VARIANTI / 
552;Foresta - Forst;11.1187938888889;46.6779305555556;0;12 ME / VARIANTI / 
569;Lagundo Comune - Gemeinde Algund;11.1215519444444;46.6833725;0;13 ME / 
568;Lagundo Comune - Gemeinde Algund;11.12157;46.683335;0;11 ME / 13 ME / VARIANTI / 
9665;via Tramontana 3 - Noerderstr. 3;11.1215438888889;46.6759280555556;0;12 ME / 
9664;via Tramontana 3 - Noerderstr. 3;11.1216427777778;46.6759686111111;0;12 ME / NIGHTSH / 
9610;via Thalguter - Thalguter Str.;11.1252422222222;46.6805869444444;0;13 ME / 
100;via Weingartner 1 - Weingartnerweg 1;11.1268302777778;46.6791641666667;0;11 ME / 12 ME / 13 ME / NIGHTSH / VARIANTI / 
5;via Weingartner 1 - Weingartnerstr. 1;11.1272116666667;46.6792261111111;0;11 ME / 12 ME / 13 ME / VARIANTI / 
9918;via Tramontana 2 - Noerderstr. 2;11.1295294444444;46.6737144444444;0;12 ME / 
9917;via Tramontana 2 - Noerderstr. 2;11.1295511111111;46.6737966666667;0;12 ME / NIGHTSH / 
820;via Weingartner 2 - Weingartnerstr. 2;11.1306016666667;46.6794391666667;0;11 ME / 12 ME / 13 ME / VARIANTI / 
819;via Weingartner 2 - Weingartnerstr. 2;11.1310008333333;46.6794255555556;0;11 ME / 12 ME / 13 ME / NIGHTSH / VARIANTI / 
550;via Weingartner 3 - Weingartnerstr. 3;11.1332980555556;46.6796052777778;0;11 ME / 12 ME / 13 ME / VARIANTI / 
551;via Weingartner 3 - Weingartnerstr. 3;11.1336869444444;46.6795922222222;0;11 ME / 12 ME / 13 ME / NIGHTSH / VARIANTI / 
9911;via Tramontana 1 - Noerderstr. 1;11.1350430555556;46.6674125;0;12 ME / 
9912;via Tramontana 1 -  Noerderstr. 1;11.1350527777778;46.6675266666667;0;12 ME / NIGHTSH / 
9953;via Weingartner 4 - Weingartnerstr. 4;11.1378913888889;46.6791541666667;0;11 ME / 12 ME / 13 ME / NIGHTSH / VARIANTI / 
9954;via Weingartner 4 - Weingartnerstr. 4;11.1382816666667;46.6791213888889;0;11 ME / 12 ME / 13 ME / VARIANTI / 
572;Marlengo stazione - Marling Bahnhof;11.1385083333333;46.6643633333333;0;12 ME / NIGHTSH / SCOL_ME / 
866;Marlengo Paese 3 - Marling Dorf 3;11.1402641666667;46.6619958333333;0;12 ME / NIGHTSH / 
573;Marlengo Paese 2 - Marling Dorf 2;11.1403127777778;46.6589777777778;0;12 ME / SCOL_ME / 
574;Marlengo Paese 2 - Marling Dorf 2;11.1403897222222;46.6581111111111;0;12 ME / NIGHTSH / SCOL_ME / 
575;Marlengo Paese 1 - Marling Dorf 1;11.1407602777778;46.6556647222222;0;12 ME / SCOL_ME / 
576;Marlengo Paese 1 - Marling Dorf 1;11.1408705555556;46.6556391666667;0;12 ME / NIGHTSH / SCOL_ME / 
580;Maria Assunta - Maria Himmelfahrt;11.1418291666667;46.6672169444444;0;1 ME / 146 ME / VARIANTI / 
9914;via Cantina 2 - Kellerei Str. 2;11.1425927777778;46.6511466666667;0;12 ME / SCOL_ME / 
587;via San Giuseppe 1 - St. Josef Str. 1;11.1438433333333;46.6758547222222;0;1 ME / 146 ME / VARIANTI / 
895;via Raffain - Raffeingasse;11.1417927777778;46.6224461111111;0;CITY LA / VARIANTI / 
9913;via Cantina 2 - Kellerei Str. 2;11.1429622222222;46.6506538888889;0;12 ME / NIGHTSH / SCOL_ME / 
588;via San Giuseppe 1 - St. Josef Str. 1;11.1439958333333;46.675745;0;1 ME / 146 ME / 
466;Lana Autostazione - Lana Busbahnhof;11.14172;46.6181066666667;0;11 ME / 14 ME / BZ-ME / CITY LA / VARIANTI / 
406;Lana Autostazione - Lana Busbahnhof;11.1419633333333;46.6186658333333;0;11 ME / 14 ME / BZ-ME / CITY LA / NIGHTSH / VARIANTI / 
589;via IV Novembre - 4. Novemberstr.;11.1446013888889;46.6767833333333;0;1 ME / 146 ME / VARIANTI / 
590;via IV Novembre - 4. Novemberstr.;11.1446680555556;46.6768669444444;0;1 ME / 146 ME / 
611;via Marlengo 2 - Marlingerstr. 2;11.1445780555556;46.663275;0;146 ME / 6 ME / VARIANTI / 
943;via Laend - Laendgasse;11.1427972222222;46.6168861111111;0;14 ME / CITY LA / VARIANTI / 
4;via Goethe 4 - Goethe Str. 4;11.1454033333333;46.6777891666667;0;12 ME / 13 ME / VARIANTI / 
9915;via Cantina 1 - Kellerei Str. 1;11.1443636111111;46.64821;0;12 ME / NIGHTSH / SCOL_ME / 
506;via Palade 1- Gampenstr. 1;11.1430327777778;46.6144594444445;0;14 ME / CITY LA / VARIANTI / 
521;via Palade 1- Gampenstr. 1;11.1430758333333;46.6144944444444;0;14 ME / CITY LA / VARIANTI / 
400;ponte Marlengo - Marlinger Bruecke;11.1448394444444;46.6575408333333;0;11 ME / 12 ME / SCOL_ME / VARIANTI / 
826;via Merano 1 - Meranerstr. 1;11.1435038888889;46.6210175;0;11 ME / 14 ME / CITY LA / VARIANTI / 
401;ponte Marlengo - Marlinger Bruecke;11.1449986111111;46.6578716666667;0;11 ME / 12 ME / 14 ME / SCOL_ME / VARIANTI / 
541;Fonte S. Martino - Martinsbrunn;11.1460705555556;46.684475;0;3 ME / 
9916;via Cantina 1 - Kellerei Str. 1;11.1447452777778;46.6480666666667;0;12 ME / SCOL_ME / 
825;via Merano 1 - Meranerstr. 1;11.143755;46.6211936111111;0;11 ME / 14 ME / NIGHTSH / VARIANTI / 
610;via Marlengo 1 - Marlingerstr. 1;11.1456675;46.6645872222222;0;146 ME / 6 ME / VARIANTI / 
896;Villener Weg - via Villa;11.1441316666667;46.6237208333333;0;CITY LA / VARIANTI / 
101;via Goethe 4 - Goethe Str. 4;11.1463313888889;46.6774463888889;0;12 ME / 13 ME / NIGHTSH / VARIANTI / 
510;Foiana 2 - Voellan 2;11.1435552777778;46.598305;0;14 ME / CITY LA / VARIANTI / 
529;Marlengo 3 - Marling 3;11.1454613888889;46.6462841666667;0;11 ME / VARIANTI / 
528;Marlengo 3 - Marling 3;11.1455233333333;46.6462938888889;0;11 ME / 14 ME / NIGHTSH / VARIANTI / 
405;Cermes 3 - Tscherms 3;11.1450058333333;46.6319525;0;11 ME / 14 ME / BZ-ME / NIGHTSH / VARIANTI / 
404;Cermes 3 - Tscherms 3;11.1450675;46.6323622222222;0;11 ME / BZ-ME / VARIANTI / 
577;Marlengo 2 - Marling 2;11.1457894444444;46.6478077777778;0;11 ME / 14 ME / VARIANTI / 
582;via Foro Boario 2 - Viehmarktstr. 2;11.1467933333333;46.6698588888889;0;1 ME / 146 ME / 
578;Marlengo 2 - Marling 2;11.1460169444444;46.6485444444444;0;11 ME / 12 ME / SCOL_ME / VARIANTI / 
517;Foiana 2 - Voellan 2;11.144055;46.5986480555556;0;14 ME / CITY LA / VARIANTI / 
543;via Karl Wolf 6 - Karl Wolf Str. 6;11.1473952777778;46.6823330555556;0;11 ME / 2 ME / 3 ME / VARIANTI / 
585;Cimitero - Friedhof;11.1470616666667;46.6736252777778;0;1 ME / 146 ME / VARIANTI / 
542;via Karl Wolf 6 - Karl Wolf Str. 6;11.1474391666667;46.6823122222222;0;11 ME / 12 ME / 14 ME / 146 ME / 3 ME / VARIANTI / 
581;via Foro Boario 2 - Viehmarktstr. 2;11.1469680555556;46.6700541666667;0;1 ME / 146 ME / VARIANTI / 
586;Cimitero - Friedhof;11.1472930555556;46.6733788888889;0;1 ME / 146 ME / 
402;Marlengo 1 - Marling 1;11.1465355555556;46.6535769444444;0;11 ME / 12 ME / BZ-ME / SCOL_ME / VARIANTI / 
630;via Laurin 2 - Laurin Str. 2;11.1477438888889;46.6793436111111;0;11 ME / 12 ME / 14 ME / 146 ME / 3 ME / BZ-ME / VARIANTI / 
807;via Laurin 2 - Laurin Str. 2;11.1478627777778;46.6784733333333;0;11 ME / 2 ME / 3 ME / VARIANTI / 
403;Marlengo 1 - Marling 1;11.1468977777778;46.6524797222222;0;11 ME / 12 ME / 14 ME / BZ-ME / SCOL_ME / VARIANTI / 
522;via Merano 2 - Meranerstr. 2;11.1457388888889;46.6231075;0;11 ME / 14 ME / NIGHTSH / VARIANTI / 
523;via Merano 2 - Meranerstr. 2;11.1457388888889;46.6231075;0;11 ME / 14 ME / VARIANTI / 
502;Lana Comune - Gemeinde Lana;11.1454880555556;46.6163469444444;0;11 ME / 14 ME / BZ-ME / CITY LA / NIGHTSH / VARIANTI / 
467;Lana Comune - Gemeinde Lana;11.1455777777778;46.6161972222222;0;11 ME / 14 ME / BZ-ME / CITY LA / VARIANTI / 
524;Cermes 2 - Tscherms 2;11.1464286111111;46.6350597222222;0;11 ME / VARIANTI / 
900;Marlengo 4 - Marling 4;11.1469319444444;46.6445811111111;0;11 ME / VARIANTI / 
899;Marlengo 4 - Marling 4;11.1470680555556;46.64455;0;11 ME / VARIANTI / 
503;Lana scuola media - Lana Mittelschule;11.1460766666667;46.6179466666667;0;14 ME / CITY LA / VARIANTI / 
845;via Cappuccini - Kapuzinerstr.;11.1460802777778;46.6151952777778;0;CITY LA / VARIANTI / 
801;Maia Bassa stazione - Untermais Bahnhof;11.1477872222222;46.6567277777778;0;12 ME / BZ-ME / SCOL_ME / 
824;via Marlengo 3 - Marlingerstr. 3;11.1482069444444;46.6666527777778;0;6 ME / VARIANTI / 
806;via Zuegg 2 - Zueggstr. 2;11.1481044444444;46.6640441666667;0;146 ME / 6 ME / VARIANTI / 
743;via Laurin 1 - Laurin Str. 1;11.1486425;46.6760355555556;0;2 ME / 3 ME / NIGHTSH / 
846;via Cappuccini - Kapuzinerstr.;11.1462675;46.6150891666667;0;CITY LA / VARIANTI / 
742;via Laurin 1 - Laurin Str. 1;11.1486852777778;46.6756230555556;0;12 ME / 14 ME / 146 ME / 3 ME / 
584;via Foro Boario 1 - Viehmarktstr. 1;11.1485863888889;46.6721530555556;0;1 ME / 146 ME / 
513;Foiana Chiesa - Voellan Kirche;11.1454763888889;46.5905030555556;0;14 ME / CITY LA / VARIANTI / 
583;via Foro Boario 1 - Viehmarktstr. 1;11.1487513888889;46.672105;0;1 ME / 146 ME / VARIANTI / 
504;Lana scuola media - Lana Mittelschule;11.1466369444444;46.6178;0;14 ME / CITY LA / VARIANTI / 
525;Cermes 2 - Tscherms 2;11.1474847222222;46.635355;0;11 ME / NIGHTSH / VARIANTI / 
9951;Cermes 4 - Tscherms 4;11.1475166666667;46.6287266666667;0;11 ME / NIGHTSH / VARIANTI / 
9952;Cermes 4 - Tscherms 4;11.1476933333333;46.6276516666667;0;11 ME / VARIANTI / 
399;Maia Bassa stazione - Untermais Bahnhof;11.1488461111111;46.6566644444444;0;11 ME / 12 ME / 14 ME / VARIANTI / 
800;Maia Bassa stazione - Untermais Bahnhof;11.1488691666667;46.6562380555556;0;12 ME / SCOL_ME / 
971;Cermes 5 - Tscherms 5;11.1477347222222;46.6255169444444;0;11 ME / NIGHTSH / VARIANTI / 
398;Maia Bassa stazione - Untermais Bahnhof;11.1490313888889;46.6568527777778;0;11 ME / 12 ME / VARIANTI / 
972;Cermes 5 - Tscherms 5;11.1477847222222;46.6251669444444;0;11 ME / 
539;via Goethe 3 - Goethe Str. 3;11.14989;46.6764580555556;0;12 ME / 13 ME / BZ-ME / VARIANTI / 
744;via Mainardo - Mainhard Str.;11.1498625;46.6743980555556;0;2 ME / 3 ME / NIGHTSH / 
1;Merano stazione - Meran Bahnhof;11.1498430555556;46.6729861111111;0;1 ME / 12 ME / 13 ME / 146 ME / 2 ME / 3 ME / 4 ME / BZ-ME / ME-AV / NIGHTSH / TIROLO / VARIANTI / 
608;via Zuegg 1 - Zuegg Str. 1;11.1495630555556;46.6617308333333;0;146 ME / 6 ME / VARIANTI / 
512;Foiana Paese - Voellan Dorf;11.1471058333333;46.5893633333333;0;14 ME / CITY LA / VARIANTI / 
514;Foiana Paese - Voellan Dorf;11.1471497222222;46.5893602777778;0;14 ME / CITY LA / VARIANTI / 
627;stazione via Hofer - Bahnhof Hofer Str.;11.1505247222222;46.6737616666667;0;1 ME / 11 ME / 12 ME / 14 ME / 146 ME / 4 ME / 6 ME / NIGHTSH / VARIANTI / 
897;Foiana 3 - Voellan 3;11.1474508333333;46.5956172222222;0;14 ME / CITY LA / VARIANTI / 
516;Foiana 3 - Voellan 3;11.1475016666667;46.5956627777778;0;14 ME / CITY LA / VARIANTI / 
540;via Goethe 3 - Goethe Str. 3;11.1507113888889;46.6762358333333;0;12 ME / 13 ME / NIGHTSH / VARIANTI / 
762;via Scuderie 1 - Rennstallweg 1;11.1499744444444;46.6554038888889;0;12 ME / 
545;via Karl Wolf 5 - Karl Wolf Str. 5;11.1509758333333;46.6804994444444;0;11 ME / 2 ME / 3 ME / VARIANTI / 
763;via Scuderie 1 - Rennstallweg 1;11.1500175;46.6552925;0;12 ME / 
518;Foiana 1 - Voellan 1;11.1480788888889;46.6040838888889;0;14 ME / CITY LA / VARIANTI / 
544;via Karl Wolf 5 - Karl Wolf Str. 5;11.1511991666667;46.6803016666667;0;11 ME / 12 ME / 14 ME / 146 ME / 2 ME / 3 ME / BZ-ME / SCOL_ME / VARIANTI / 
509;Foiana 1 - Voellan 1;11.1482294444444;46.6041494444444;0;14 ME / CITY LA / VARIANTI / 
898;via Lorenzer - Lorenzerweg;11.1487702777778;46.6174355555556;0;14 ME / VARIANTI / 
511;Foiana 4 - Voellan 4;11.1477869444444;46.5921897222222;0;14 ME / CITY LA / VARIANTI / 
515;Foiana 4 - Voellan 4;11.1478594444444;46.5919441666667;0;14 ME / CITY LA / VARIANTI / 
612;via Manzoni 1 - Manzoni Str. 1;11.1511022222222;46.6677636111111;0;146 ME / 6 ME / VARIANTI / 
501;Chiesa S. Croce - Heilig Kreuz Kirche;11.1491263888889;46.6158525;0;11 ME / 14 ME / CITY LA / NIGHTSH / VARIANTI / 
9755;via Aslago 3 - Haslachstr. 3;11.1524316666667;46.6978277777778;0;CROCE T / 
733;via Aslago 3 - Haslachstr. 3;11.1524841666667;46.6977619444444;0;CROCE T / 
607;via Wolkenstein - Wolkenstein Str.;11.1514166666667;46.6641088888889;0;146 ME / 6 ME / VARIANTI / 
6590;via San Giuseppe 2 - St. Josef Str. 2;11.1516925;46.6708911111111;0;1 ME / 
734;Funivia Muta - Seilbahn Hochmut;11.1527777777778;46.6965119444444;0;CROCE T / 
9754;Fun. Tirolo-Muta - Seilb. Tirol-Hochmut;11.1528755555556;46.6964905555556;0;CROCE T / 
526;Cermes 1 - Tscherms 1;11.1505594444444;46.6376108333333;0;11 ME / 14 ME / NIGHTSH / VARIANTI / 
527;Cermes 1- Tscherms 1;11.1505652777778;46.6377319444444;0;11 ME / VARIANTI / 
626;via San Giuseppe 2 - St. Josef Str. 2;11.1518977777778;46.6709413888889;0;1 ME / 
601;Ospedale - Krankenhaus;11.1522730555556;46.6776533333333;0;146 ME / 4 ME / 6 ME / VARIANTI / 
505;Chiesa S. Croce - Heilig Kreuz Kirche;11.14987;46.6158338888889;0;CITY LA / VARIANTI / 
3;via Goethe 2 - Goethe Str. 2;11.1522613888889;46.675935;0;12 ME / 13 ME / BZ-ME / VARIANTI / 
249;via Goethe 2 - Goethe Str. 2;11.1524636111111;46.6758461111111;0;12 ME / 13 ME / NIGHTSH / VARIANTI / 
468;Chiesa S. Croce - Heilig Kreuz Kirche;11.1502405555556;46.6153605555556;0;11 ME / CITY LA / VARIANTI / 
628;via Hofer 2 - Hofer Str. 2;11.1528925;46.675325;0;11 ME / 12 ME / 4 ME / 6 ME / ME-AV / NIGHTSH / TIROLO / VARIANTI / 
629;via A. Hofer 2 - A. Hofer Str. 2;11.1530416666667;46.6754427777778;0;11 ME / 12 ME / 146 ME / 2 ME / 4 ME / BZ-ME / ME-AV / TIROLO / VARIANTI / 
908;via della Chiesa 1 - Kirchweg 1;11.1505297222222;46.6120647222222;0;CITY LA / VARIANTI / 
887;via Manzoni 2 - Manzoni Str. 2;11.1528;46.6683183333333;0;146 ME / 6 ME / VARIANTI / 
909;via della Chiesa 1 - Kirchweg 1;11.1505783333333;46.6119466666667;0;CITY LA / VARIANTI / 
9756;via Aslago 4 - Haslachstr. 4;11.1541638888889;46.7001275;0;CROCE T / 
732;via Aslago 4 - Haslachstr. 4;11.1542244444444;46.7002305555556;0;CROCE T / 
547;via Karl Wolf 3 - Karl Wolf Str. 3;11.1533913888889;46.6790222222222;0;11 ME / 2 ME / 3 ME / 4 ME / 6 ME / VARIANTI / 
606;via Enrico Toti 2 - Enrico Toti Str. 2;11.1529588888889;46.6647544444444;0;146 ME / 6 ME / VARIANTI / 
592;corso Liberta' 4 - Freiheitsstr. 4;11.1533566666667;46.6712325;0;1 ME / 13 ME / 146 ME / 2 ME / 4 ME / NIGHTSH / VARIANTI / 
593;corso Liberta' 4 - Freiheitsstr. 4;11.1533763888889;46.6712566666667;0;1 ME / 11 ME / 12 ME / 13 ME / 14 ME / 2 ME / 4 ME / NIGHTSH / VARIANTI / 
9753;via Aslago 2 - Haslachstr. 2;11.1543252777778;46.6947308333333;0;CROCE T / 
735;via Aslago 2 - Haslachstr. 2;11.1543658333333;46.6947891666667;0;CROCE T / 
546;via Karl Wolf 3 - Karl Wolf Str. 3;11.1537644444444;46.6788694444444;0;12 ME / 2 ME / 3 ME / 
737;via Aslago 1 - Haslachstr. 1;11.1544122222222;46.6915727777778;0;CROCE T / 
507;via Palade 2 - Gampenstr. 2;11.1511638888889;46.6068091666667;0;14 ME / CITY LA / VARIANTI / 
520;via Palade 2 - Gampenstr. 2;11.1512294444444;46.6068213888889;0;14 ME / CITY LA / VARIANTI / 
736;via Aslago 1 - Haslachstr. 1;11.1547302777778;46.6916530555556;0;CROCE T / 
600;via San Francesco - St. Franziskus Str.;11.1543286111111;46.676885;0;11 ME / 4 ME / 6 ME / VARIANTI / 
764;via Scuderie 2 - Rennstallweg 2;11.15366;46.6528480555556;0;12 ME / 
738;Tirolo Paese 1 - Dorf Tirol 1;11.1553516666667;46.6896033333333;0;CROCE T / 
730;Tirolo Paese 1 - Dorf Tirol 1;11.1555091666667;46.6898469444444;0;CROCE T / TIROLO / VERNURIO / ZEN-FIN / 
765;via Scuderie 2 - Rennstallweg 2;11.1541475;46.6526994444444;0;12 ME / 
549;via Karl Wolf 2 - Karl Wolf Str. 2;11.1551908333333;46.6782755555556;0;11 ME / 2 ME / 3 ME / 4 ME / 6 ME / VARIANTI / 
918;via della Chiesa 2 - Kirchweg 2;11.152705;46.6110894444444;0;CITY LA / VARIANTI / 
548;via Karl Wolf 2 - Karl Wolf Str. 2;11.1554319444444;46.6780955555556;0;12 ME / 2 ME / 3 ME / 
530;via Palade 2 - Gampenstr. 2;11.1547794444444;46.6594458333333;0;11 ME / 12 ME / 14 ME / VARIANTI / 
499;via della Chiesa 2 - Kirchweg 2;11.1529894444444;46.6102097222222;0;CITY LA / VARIANTI / 
469;Lana Knabenschule - Lana Knabenschule;11.1531813888889;46.6144830555556;0;11 ME / CITY LA / VARIANTI / 
594;corso Liberta' 3 - Freiheitsstr. 3;11.1554408333333;46.6710961111111;0;1 ME / 146 ME / 2 ME / 4 ME / NIGHTSH / VARIANTI / 
531;via Palade 2 - Gampenstr. 2;11.1551016666667;46.6597366666667;0;11 ME / 12 ME / VARIANTI / 
595;corso Liberta' 3 - Freiheitsstr. 3;11.1557630555556;46.6710947222222;0;1 ME / 2 ME / 4 ME / NIGHTSH / VARIANTI / 
537;via Goethe 1 - Goethe Str. 1;11.1560808333333;46.6750811111111;0;11 ME / 12 ME / 13 ME / BZ-ME / VARIANTI / 
500;Lana Knabenschule - Lana Knabenschule;11.1536825;46.6143188888889;0;11 ME / NIGHTSH / VARIANTI / 
893;via Aica 2 - Aichweg 2;11.1566436111111;46.6887891666667;0;VARIANTI / 
538;via Goethe 1 - Goethe Str. 1;11.1563333333333;46.6749741666667;0;11 ME / 12 ME / 13 ME / 6 ME / NIGHTSH / VARIANTI / 
729;Tirolo Paese 2 - Dorf Tirol 2;11.1569647222222;46.6874436111111;0;CROCE T / TIROLO / VARIANTI / VERNURIO / ZEN-FIN / 
9666;via Karl Wolf 1A - Karl Wolf Str. 1A;11.1566847222222;46.6771833333333;0;12 ME / 3 ME / 6 ME / VARIANTI / 
9752;Tirolo Paese 2 - Dorf Tirol 2;11.1571275;46.6873569444444;0;VERNURIO / 
9667;via Karl Wolf 1A - Karl Wolf Str. 1A;11.1567680555556;46.6770169444444;0;2 ME / 3 ME / 
605;via Enrico Toti 1 - Enrico Toti Str. 1;11.1563266666667;46.6646930555556;0;146 ME / 6 ME / VARIANTI / 
731;Tirolo Croce - Tiroler Kreuz;11.1579677777778;46.7022169444444;0;CROCE T / 
498;via della Chiesa 3 - Kirchweg 3;11.1551091666667;46.6082186111111;0;CITY LA / VARIANTI / 
727;Minigolf;11.1586541666667;46.68615;0;CROCE T / TIROLO / VERNURIO / 
728;Minigolf;11.1587366666667;46.6859875;0;CROCE T / TIROLO / VARIANTI / VERNURIO / ZEN-FIN / 
489;piazza Tribus - Tribusplatz;11.1558908333333;46.6133177777778;0;11 ME / BZ-ME / CITY LA / NIGHTSH / VARIANTI / 
602;via Karl Wolf 1 - Karl Wolf Str. 1;11.1584927777778;46.6750438888889;0;12 ME / 3 ME / 6 ME / VARIANTI / 
603;via Karl Wolf 1 - Karl Wolf Str. 1;11.1587227777778;46.6749216666667;0;2 ME / 3 ME / 
470;piazza Tribus - Tribusplatz;11.1562769444444;46.6127580555556;0;11 ME / CITY LA / VARIANTI / 
532;via Palade 1 - Gampenstr. 1;11.1583163888889;46.6611269444444;0;11 ME / 12 ME / 14 ME / VARIANTI / 
803;via Piave 2 - Piavestr. 2;11.1585561111111;46.6661438888889;0;11 ME / 12 ME / 146 ME / 6 ME / VARIANTI / 
768;via Scuderie 3 - Rennstallweg 3;11.1580458333333;46.6520133333333;0;12 ME / 
802;via Piave 2 - Piavestr. 2;11.1586208333333;46.6662025;0;11 ME / 12 ME / 14 ME / VARIANTI / 
306;via Piave 1 - Piavestr. 1;11.1587680555556;46.6677169444444;0;11 ME / 12 ME / 146 ME / 2 ME / 6 ME / BZ-ME / ME-AV / NIGHTSH / TIROLO / VARIANTI / 
536;piazza Teatro - Theater Platz;11.1589030555556;46.6708472222222;0;1 ME / 11 ME / 12 ME / 14 ME / 2 ME / 4 ME / NIGHTSH / VARIANTI / 
535;piazza Teatro - Theater Platz;11.1592327777778;46.6706666666667;0;11 ME / 12 ME / 146 ME / 2 ME / 6 ME / NIGHTSH / VARIANTI / 
534;via Piave 1 - Piavestr. 1;11.1591566666667;46.6685633333333;0;11 ME / 12 ME / 14 ME / BZ-ME / VARIANTI / 
766;via Scuderie 3 - Rennstallweg 3;11.1585491666667;46.6518902777778;0;12 ME / VARIANTI / 
508;S. Giorgio - St. Georgen;11.1565013888889;46.5994836111111;0;14 ME / CITY LA / VARIANTI / 
519;S. Giorgio - St. Georgen;11.1565302777778;46.5994008333333;0;14 ME / CITY LA / VARIANTI / 
248;via delle Corse - Rennweg;11.1594180555556;46.6711833333333;0;12 ME / 13 ME / 3 ME / 6 ME / NIGHTSH / TIROLO / VARIANTI / 
2;via delle Corse - Rennweg;11.1595513888889;46.67205;0;11 ME / 12 ME / 13 ME / 2 ME / 3 ME / BZ-ME / ME-AV / TIROLO / VARIANTI / 
397;via Piave 3 - Piavestr. 3;11.1592772222222;46.66365;0;11 ME / 12 ME / 14 ME / VARIANTI / 
812;piazza Tribus - Tribusplatz;11.1573905555556;46.6133536111111;0;11 ME / BZ-ME / CITY LA / VARIANTI / 
719;via Petrarca - Petrarca Str.;11.1596738888889;46.6663519444444;0;2 ME / 
396;via Piave 3 - Piavestr. 3;11.1596013888889;46.6627836111111;0;11 ME / 12 ME / VARIANTI / 
7659;scuole Laives - Schulen Leifers;11.15769;46.6065752777778;0;SCOL_BZ / 
794;via Cadorna 1 - Cadorna Str. 1;11.1601038888889;46.6596541666667;0;12 ME / 
631;corso Liberta` 2 - Freiheitsstr. 2;11.160555;46.6708497222222;0;1 ME / 146 ME / 3 ME / 4 ME / VARIANTI / 
795;via Cadorna 1 - Cadorna Str. 1;11.1603511111111;46.6599647222222;0;12 ME / VARIANTI / 
821;via Monte Benedetto 2 - Segenbuehlweg 2;11.16128;46.6828011111111;0;CROCE T / 
726;via Monte Benedetto - Segenbuehlweg;11.1613333333333;46.6830094444444;0;TIROLO / VARIANTI / VERNURIO / ZEN-FIN / 
725;via Monte Benedetto - Segenbuehlweg;11.1613538888889;46.6830822222222;0;TIROLO / VERNURIO / 
739;via Monte Benedetto 2 - Segenbuehlweg 2;11.1613458333333;46.6826888888889;0;CROCE T / 
632;corso Liberta` 2 - Freiheitsstr. 2;11.1610708333333;46.6708183333333;0;1 ME / 146 ME / 2 ME / 3 ME / 4 ME / 
715;via Roma 2 - Romstr. 2;11.1611047222222;46.6649013888889;0;2 ME / 
714;via Roma 2 - Romstr. 2;11.1614661111111;46.6645038888889;0;2 ME / 
770;via Max Valier 2 - Max Valier Str. 2;11.1610111111111;46.6517994444444;0;12 ME / 
894;via Sant'Anna - Sankt Anna Str.;11.1594238888889;46.6061166666667;0;CITY LA / VARIANTI / 
471;Sant'Anna - Sankt Anna;11.1595575;46.6077225;0;11 ME / CITY LA / VARIANTI / 
771;via Max Valier 1 - Max Valier Str. 1;11.1615094444444;46.6542130555556;0;12 ME / 
769;via Max Valier 2 - Max Valier Str. 2;11.1614347222222;46.6521502777778;0;12 ME / VARIANTI / 
772;via Max Valier 1 - Max Valier Str. 1;11.1616555555556;46.654615;0;12 ME / VARIANTI / 
942;Sant' Anna - Sankt Anna;11.1598480555556;46.6074988888889;0;11 ME / 
797;via Cadorna 2 - Cadorna Str. 2;11.1619030555556;46.6567811111111;0;12 ME / 
713;via Roma 3 - Romstr. 3;11.1621963888889;46.6633530555556;0;2 ME / BZ-ME / NIGHTSH / VARIANTI / 
796;via Cadorna 2 - Cadorna Str. 2;11.1620408333333;46.6575347222222;0;12 ME / VARIANTI / 
6911;Sant'Anna - Sankt Anna;11.1600922222222;46.6075636111111;0;11 ME / VARIANTI / 
712;via Roma 3 - Romstr. 3;11.1625505555556;46.6630691666667;0;2 ME / BZ-ME / VARIANTI / 
718;via Roma 1 - Romstr. 1;11.1632530555556;46.6682347222222;0;2 ME / 
1345;via Caines (Sonngarten) - Kuenserstr. (Sonngarten);11.1647638888889;46.7030830555556;0;VERNURIO / 
492;via Schnatterbeck 1 - Schnatterbeckstr. 1;11.1609522222222;46.6057583333333;0;CITY LA / VARIANTI / 
811;via Bolzano 1 - Boznerstr. 1;11.1618008333333;46.6123194444444;0;11 ME / CITY LA / VARIANTI / 
472;via Dogana 1 - Zollstr. 1;11.16165;46.6061363888889;0;11 ME / CITY LA / VARIANTI / 
633;corso Liberta' 1 - Freiheitsstr. 1;11.16426;46.6703319444444;0;1 ME / 146 ME / 3 ME / 4 ME / VARIANTI / 
711;via Roma 4 - Romstr. 4;11.1640152777778;46.6620016666667;0;2 ME / 
634;corso Liberta' 1 - Freiheitsstr. 1;11.1643922222222;46.6703283333333;0;1 ME / 146 ME / 2 ME / 3 ME / 4 ME / 
799;via Roma 4 - Romstr. 4;11.1641211111111;46.6618686111111;0;2 ME / NIGHTSH / 
740;Monte Benedetto - Segenbuehl;11.1648244444444;46.6783741666667;0;CROCE T / 
488;via Bolzano 1 - Boznerstr. 1;11.1622855555556;46.6121311111111;0;11 ME / CITY LA / NIGHTSH / VARIANTI / 
615;via Innerhofer - Innerhofer Str.;11.1645330555556;46.6677525;0;146 ME / 4 ME / 
496;via Dogana 1 - Zollstr. 1;11.1622938888889;46.6064719444444;0;11 ME / CITY LA / VARIANTI / 
497;via Schnatterbeck 2 - Schnatterbeckstr. 2;11.1622841666667;46.6020144444444;0;CITY LA / VARIANTI / 
940;via Monte Cervinia - Hirzerstr.;11.162665;46.6102416666667;0;11 ME / 
493;via Schnatterbeck 2 - Schnatterbeckstr. 2;11.1623536111111;46.6017908333333;0;CITY LA / VARIANTI / 
809;via Monte Cervina - Hirzerstr.;11.1627233333333;46.6101916666667;0;11 ME / VARIANTI / 
635;via Cavour 1 - Cavour Str. 1;11.1655977777778;46.6682111111111;0;1 ME / 146 ME / 3 ME / 4 ME / ME-AV / NIGHTSH / TIROLO / 
710;via Roma 5 - Romstr. 5;11.1653983333333;46.6602269444444;0;2 ME / NIGHTSH / 
709;via Roma 5 - Romstr. 5;11.1654266666667;46.6602672222222;0;2 ME / 
9700;via Caines (Ungericht) - Kuenserstr. (Ungericht);11.1671688888889;46.7002655555556;0;VERNURIO / 
636;via Cavour 1 - Cavour Str. 1;11.166115;46.6680061111111;0;1 ME / 3 ME / ME-AV / NIGHTSH / TIROLO / VARIANTI / 
9698;via Caines (Ungericht) - Kuenserstr. (Ungericht);11.1674144444444;46.70029;0;VERNURIO / 
616;via Grabmayr - Grabmayr Str.;11.1660694444444;46.6647130555556;0;146 ME / 4 ME / 
494;Lana di sotto - Niederlana;11.1634908333333;46.5999172222222;0;CITY LA / VARIANTI / 
721;Bivio Tirolo - Abzweigung Tirol;11.1671997222222;46.6820661111111;0;TIROLO / VARIANTI / VERNURIO / ZEN-FIN / 
720;Bivio Tirolo - Abzweigung Tirol;11.1672136111111;46.6818505555556;0;TIROLO / VERNURIO / 
822;Perlhof - Perlhof;11.1672513888889;46.67905;0;TIROLO / VARIANTI / VERNURIO / ZEN-FIN / 
724;Perlhof - Perlhof;11.1672775;46.6790827777778;0;TIROLO / VERNURIO / 
892;via Aica 1 - Aichweg 1;11.1678213888889;46.6916408333333;0;VARIANTI / ZEN-FIN / 
311;via passo Giovo - Jaufenstr.;11.1678205555556;46.6869208333333;0;VERNURIO / 
708;via Roma 6 - Romstr. 6;11.1667358333333;46.6579113888889;0;2 ME / BZ-ME / NIGHTSH / VARIANTI / 
310;via passo Giovo - Jaufenstr.;11.1680288888889;46.6868986111111;0;VARIANTI / VERNURIO / ZEN-FIN / 
6912;via Dogana 2 - Zollstr. 2;11.1649325;46.6073725;0;11 ME / CITY LA / VARIANTI / 
707;via Roma 6 - Romstr. 6;11.1671563888889;46.6576241666667;0;2 ME / BZ-ME / VARIANTI / 
312;Finele - Finele;11.1686836111111;46.6954088888889;0;VARIANTI / VERNURIO / ZEN-FIN / 
6913;via Dogana 2 - Zollstr. 2;11.1654002777778;46.6074977777778;0;11 ME / CITY LA / VARIANTI / 
313;Finele - Finele;11.1689441666667;46.69571;0;VARIANTI / VERNURIO / 
818;Lana zona Ind. 3 - Lana Industriezone 3;11.1663361111111;46.6299063888889;0;14 ME / 
871;Lana zona Ind.3 - Lana Industriezone 3;11.1663288888889;46.6296716666667;0;14 ME / VARIANTI / 
808;via Schaffer 1 - Schafferstr. 1;11.1681797222222;46.6647480555556;0;146 ME / 4 ME / 
637;via Cavour 2 - Cavour Str. 2;11.168595;46.6690327777778;0;1 ME / 3 ME / NIGHTSH / VARIANTI / 
638;via Cavour 2 - Cavour Str. 2;11.1685969444444;46.6690741666667;0;1 ME / 146 ME / 3 ME / NIGHTSH / 
9697;via Caines (Sonnenhof) - Kuenserstr. (Sonnenhof);11.1703138888889;46.7004927777778;0;VERNURIO / 
487;via Bolzano 2 - Boznerstr. 2;11.1667186111111;46.6103708333333;0;11 ME / BZ-ME / CITY LA / NIGHTSH / 
9699;via Caines (Sonnenhof) - Kuenserstr. (Sonnenhof);11.1703302777778;46.7003755555556;0;VERNURIO / 
618;via Winkel 1 - Winkel Weg 1;11.1690925;46.6678102777778;0;4 ME / 
810;via Bolzano 2 - Boznerstr. 2;11.1669591666667;46.6101261111111;0;11 ME / BZ-ME / CITY LA / 
307;via San Giorgio - St. Georgen Str.;11.1694166666667;46.6703375;0;TIROLO / 
308;via San Giorgio - St. Georgen Str.;11.16945;46.6704252777778;0;TIROLO / 
706;via Roma 7 - Romstr. 7;11.1689555555556;46.65611;0;2 ME / 
705;via Roma 7 - Romstr. 7;11.1691947222222;46.6558575;0;2 ME / NIGHTSH / 
723;Stemmerhof - Stemmerhof;11.1701686111111;46.6760036111111;0;TIROLO / VERNURIO / 
722;Stemmerhof - Stemmerhof;11.1703111111111;46.6756602777778;0;TIROLO / VARIANTI / VERNURIO / ZEN-FIN / 
473;via Dogana 3 - Zollstr. 3;11.167915;46.6086830555556;0;11 ME / CITY LA / VARIANTI / 
640;via Cavour 3 - Cavour Str. 3;11.1704322222222;46.6694097222222;0;1 ME / 3 ME / ME-AV / NIGHTSH / VARIANTI / 
9696;via Caines Vigili del Fuoco - Kuenserstr. Feuerwehr;11.1716022222222;46.6976066666667;0;VERNURIO / 
641;via Cavour 3 - Cavour Str. 3;11.1705780555556;46.6694425;0;1 ME / 146 ME / 3 ME / ME-AV / NIGHTSH / 
9695;via Caines Vigili del Fuoco - Kuenserstr. Feuerwehr;11.1717719444444;46.6975961111111;0;VERNURIO / 
753;via Schaffer 2 - Schafferstr. 2;11.1705222222222;46.6657527777778;0;146 ME / 4 ME / 
495;via Dogana 3 - Zollstr. 3;11.1683125;46.6090508333333;0;11 ME / CITY LA / VARIANTI / 
872;Lana zona Ind.2 - Lana Industriezone 2;11.16933;46.630435;0;14 ME / VARIANTI / 
817;Lana zona Ind. 2 - Lana Industriezone 2;11.1693430555556;46.6304780555556;0;14 ME / 
1343;Bivio Gaveis/Maso Alto - Abzw. Gfeis/Oebersthoefe;11.1730416666667;46.7207255555556;0;VERNURIO / 
1344;Bivio Gaveis/Maso Alto - Abzw. Gfeis/Oebersthoefe;11.1730477777778;46.7205847222222;0;VERNURIO / 
617;via Winkel 2 - Winkel Weg 2;11.1709997222222;46.6651119444444;0;4 ME / 
1342;Maso Alto - Oebersthoefe;11.1741825;46.7259383333333;0;VERNURIO / 
642;via Cavour 4 - Cavour Str. 4;11.1719788888889;46.6690272222222;0;1 ME / 3 ME / VARIANTI / 
643;via Cavour 4 - Cavour Str. 4;11.171985;46.6690666666667;0;1 ME / 146 ME / 3 ME / NIGHTSH / 
315;Caines, Kuenserhof - Kuens, Kuenserhof;11.1740191666667;46.6954872222222;0;VARIANTI / VERNURIO / 
314;Caines, Kuenserhof - Kuens, Kuenserhof;11.1742058333333;46.695475;0;VARIANTI / VERNURIO / 
647;via Virgilio 1 - Vergil Str. 1;11.1733194444444;46.6715969444444;0;146 ME / 3 ME / 
805;via Virgilio 1 - Vergil Str. 1;11.1733555555556;46.6715825;0;146 ME / 3 ME / 
1225;Bivio Kuenserhof - Abzw. Kuenserhof;11.1743466666667;46.6956861111111;0;VARIANTI / VERNURIO / 
919;Bivio Kuenserhof - Abzw. Kuenserhof;11.1744933333333;46.6957602777778;0;VERNURIO / 
870;Lana zona Ind.1 - Lana Industriezone 1;11.1719641666667;46.6293330555556;0;14 ME / VARIANTI / 
704;via Roma 8 - Romstr. 8;11.1729675;46.6535916666667;0;2 ME / NIGHTSH / 
815;Lana zona Ind. 1 - Lana Industriezone 1;11.1720047222222;46.6293569444444;0;14 ME / 
645;piazza Fontana - Brunnenplatz;11.1740061111111;46.6691413888889;0;1 ME / 146 ME / 3 ME / ME-AV / NIGHTSH / 
644;piazza Fontana - Brunnenplatz;11.1740802777778;46.6693461111111;0;1 ME / 3 ME / ME-AV / NIGHTSH / VARIANTI / 
703;via Roma 8 - Romstr. 8;11.1735561111111;46.6534719444444;0;2 ME / 
754;via Dante 1 - Dante Str. 1;11.1741830555556;46.6673644444444;0;146 ME / 4 ME / 
648;via Virgilio 2 - Vergil Str. 2;11.1747008333333;46.6727383333333;0;146 ME / 3 ME / 
621;via Winkel 3 - Winkel Weg 3;11.1745122222222;46.663505;0;4 ME / 
649;via Virgilio 2 - Vergil Str. 2;11.1749858333333;46.6728827777778;0;146 ME / 3 ME / 
650;via Virgilio 3 - Vergil Str. 3;11.1763969444444;46.6752075;0;146 ME / 3 ME / 
804;via Scena 1 - Schennastr. 1;11.1767733333333;46.670175;0;1 ME / 146 ME / NIGHTSH / 
622;via Winkel 4 - Winkel Weg 4;11.17665;46.6620975;0;4 ME / 
696;Sinigo 5 - Sinich 5;11.1757011111111;46.6374936111111;0;2 ME / NIGHTSH / 
651;via Scena 1 - Schennastr. 1;11.1771383333333;46.6698736111111;0;1 ME / VARIANTI / 
695;Sinigo 5 - Sinich 5;11.1760347222222;46.6369172222222;0;2 ME / 
486;Lana Lido - Lana Schwimmbad;11.1749966666667;46.6087677777778;0;11 ME / CITY LA / NIGHTSH / VARIANTI / 
474;Lana Lido - Lana Schwimmbad;11.1750477777778;46.6087238888889;0;11 ME / CITY LA / VARIANTI / 
755;via Dante 2 - Dante Str. 2;11.1772994444444;46.6646327777778;0;146 ME / 4 ME / 
698;Sinigo 4 - Sinich 4;11.1769666666667;46.6407038888889;0;2 ME / BZ-ME / NIGHTSH / VARIANTI / 
756;via Dante 3 - Dante Str. 3;11.1779363888889;46.6634591666667;0;146 ME / 4 ME / 
697;Sinigo 4 - Sinich 4;11.1770561111111;46.6407944444444;0;2 ME / BZ-ME / VARIANTI / 
840;Sinigo via Nazionale - Sinich Reichsstr.;11.1772819444444;46.6454772222222;0;BZ-ME / NIGHTSH / VARIANTI / 
841;Sinigo via Nazionale - Sinich Reichsstr.;11.1773527777778;46.6457272222222;0;BZ-ME / VARIANTI / 
913;Vernurio (Brunner) - Vernuer (Brunner);11.1806744444444;46.7241816666667;0;VARIANTI / VERNURIO / 
701;Sinigo 1 - Sinich 1;11.1778130555556;46.6473419444444;0;2 ME / 
759;Sinigo Zona Artig. - Sinich HW Zone;11.1773861111111;46.6317338888889;0;14 ME / 2 ME / VARIANTI / 
694;Sinigo 6 - Sinich 6;11.1774925;46.6341316666667;0;2 ME / BZ-ME / NIGHTSH / VARIANTI / 
760;Bivio Kravogl - Kravogl Kreuzung;11.1774827777778;46.6334380555556;0;14 ME / 2 ME / 
693;Sinigo 6 - Sinich 6;11.1775347222222;46.6340336111111;0;2 ME / BZ-ME / VARIANTI / 
758;Sinigo Zona Artig. - Sinich HW Zone;11.1774416666667;46.631575;0;2 ME / 
623;via Winkel 5 - Winkel Weg 5;11.1787377777778;46.6617388888889;0;4 ME / 
774;Sinigo 3 - Sinich 3;11.1780369444444;46.6423711111111;0;2 ME / 
702;Sinigo 1 - Sinich 1;11.1782986111111;46.6470791666667;0;2 ME / 
317;Rifiano - Riffian;11.1806294444444;46.7023644444445;0;VARIANTI / VERNURIO / 
316;Rifiano - Riffian;11.180715;46.7024377777778;0;VARIANTI / VERNURIO / 
624;via Dante 4 - Dante Str. 4;11.1791163888889;46.6617669444444;0;146 ME / 4 ME / 
773;Sinigo 3 - Sinich 3;11.1786433333333;46.6431583333333;0;2 ME / 
652;via Scena 2 - Schennastr. 2;11.1797347222222;46.6690333333333;0;1 ME / VARIANTI / 
700;Sinigo 2 - Sinich 2;11.1798030555556;46.6452075;0;2 ME / 
699;Sinigo 2 - Sinich 2;11.1798458333333;46.6452172222222;0;2 ME / 
653;via Scena 2 - Schennastr. 2;11.1813952777778;46.6688386111111;0;1 ME / 146 ME / NIGHTSH / 
691;Sinigo 7 - Sinich 7;11.1803491666667;46.6300402777778;0;2 ME / 
625;via Dante 5 - Dante Str. 5;11.1816058333333;46.6604297222222;0;4 ME / 
692;Sinigo 7 - Sinich 7;11.1806786111111;46.6294408333333;0;2 ME / NIGHTSH / 
977;via S. Valentino 1 - St. Valentin Str. 1;11.1826847222222;46.66035;0;146 ME / 4 ME / 
688;via Castel Gatto 1 - Katzensteinstr. 1;11.1829941666667;46.6574436111111;0;4 ME / 
741;via Scena 3 - Schennastr. 3;11.1834680555556;46.6688166666667;0;1 ME / VARIANTI / 
748;Giardino Botanico - Trauttmansdorff;11.1837008333333;46.6612013888889;0;146 ME / 4 ME / 
910;Vernurio (Gnealer) - Vernuer (Gnealer);11.1861522222222;46.7177544444444;0;VARIANTI / VERNURIO / 
914;Vernurio (Gnealer) - Vernuer (Gnealer);11.1862766666667;46.7175202777778;0;VARIANTI / VERNURIO / 
654;via Scena 3 - Schennastr. 3;11.1844425;46.6687897222222;0;1 ME / 146 ME / ME-AV / NIGHTSH / 
941;via S. Valentino - St. Valentin Str.;11.1842858333333;46.6645625;0;1 ME / VARIANTI / 
745;Giardino Botanico - Trauttmansdorff;11.1844594444444;46.6622483333333;0;1 ME / VARIANTI / 
687;via Castel Gatto 2 - Katzensteinstr. 2;11.1843319444444;46.65485;0;4 ME / 
475;Postal Stazione  - Burgstall Bahnhof;11.1826744444444;46.6086205555556;0;11 ME / 2 ME / CITY LA / VARIANTI / 
746;via Val di Nova 4 - Naifweg 4;11.1848536111111;46.6571183333333;0;1 ME / VARIANTI / 
655;ponte Rametz - Rametz Bruecke;11.1854419444444;46.6689697222222;0;1 ME / ME-AV / NIGHTSH / VARIANTI / 
686;via Val di Nova 5 - Naifweg 5;11.1852033333333;46.6568197222222;0;4 ME / 
912;Vernurio (Hochegger) - Vernuer (Hochegger);11.1879688888889;46.72499;0;VARIANTI / VERNURIO / 
911;Vernurio (Hochegger) - Vernuer (Hochegger);11.1879830555556;46.7250755555556;0;VARIANTI / VERNURIO / 
319;Bivio Vernurio - Abzweigung Vernuer;11.1874997222222;46.7108080555556;0;VARIANTI / VERNURIO / 
798;Sinigo 8 - Sinich 8;11.184945;46.6243802777778;0;2 ME / NIGHTSH / 
9651;Scena Paese - Schenna Dorf;11.1876313888889;46.6897088888889;0;NIGHTSH / 
690;Sinigo 8 - Sinich 8;11.1853988888889;46.6241244444445;0;2 ME / 
849;Sinigo 9 - Sinich 9;11.1862397222222;46.6223155555556;0;2 ME / NIGHTSH / 
9654;via Verdins 1 - Verdinsstr. 1;11.1891738888889;46.69296;0;NIGHTSH / 
9653;via Verdins 1 - Verdinsstr. 1;11.1892211111111;46.6930361111111;0;NIGHTSH / 
9649;via Scena 8 - Schennastr. 8;11.1891144444444;46.6845108333333;0;NIGHTSH / 
9650;via Scena 8 - Schennastr. 8;11.1891469444444;46.6846055555556;0;NIGHTSH / 
689;Sinigo 9 - Sinich 9;11.1866538888889;46.6222227777778;0;2 ME / 
9644;via Scena 5 - Schennastr. 5;11.18888;46.6749644444444;0;NIGHTSH / 
9643;via Scena 5 - Schennastr. 5;11.1889416666667;46.6749416666667;0;NIGHTSH / 
9647;via Scena 7 - Schennastr. 7;11.1891913888889;46.6807944444444;0;NIGHTSH / 
9645;via Scena 6 - Schennastr. 6;11.1890491666667;46.6770933333333;0;NIGHTSH / 
9646;via Scena 6 - Schennastr. 6;11.1891441666667;46.6771713888889;0;NIGHTSH / 
9648;via Scena 7 - Schennastr. 7;11.1894236111111;46.6813433333333;0;NIGHTSH / 
9641;via Scena 4 - Schennastr. 4;11.18923;46.6715377777778;0;NIGHTSH / 
775;Postal 1 - Burgstall 1;11.18761;46.6193091666667;0;2 ME / BZ-ME / VARIANTI / 
9642;via Scena 4 - Schennastr. 4;11.1900477777778;46.6719966666667;0;NIGHTSH / 
776;Postal 1 - Burgstall 1;11.1879547222222;46.6183808333333;0;2 ME / BZ-ME / NIGHTSH / VARIANTI / 
658;via Val di Nova 1 - Naifweg 1;11.1905375;46.6713477777778;0;1 ME / ME-AV / 
9656;via Verdins 2 - Verdinsstr. 2;11.1918136111111;46.6956819444444;0;NIGHTSH / 
9655;via Verdins 2 - Verdinsstr. 2;11.1918344444444;46.6957716666667;0;NIGHTSH / 
659;via Val di Nova 1 - Naifweg 1;11.1918358333333;46.6713933333333;0;1 ME / ME-AV / VARIANTI / 
777;Postal 2 - Burgstall 2;11.1902783333333;46.6130177777778;0;2 ME / BZ-ME / NIGHTSH / VARIANTI / 
778;Postal 2 - Burgstall 2;11.1907919444444;46.6126941666667;0;2 ME / BZ-ME / VARIANTI / 
779;Postal 3 - Burgstall 3;11.1921625;46.6101352777778;0;2 ME / 
660;via Val di Nova 2 - Naifweg 2;11.1947577777778;46.6717416666667;0;1 ME / 
780;Postal 3 - Burgstall 3;11.192265;46.6100702777778;0;2 ME / 
476;Postal Paese - Burgstall Dorf;11.1927511111111;46.6082222222222;0;BZ-ME / NIGHTSH / VARIANTI / 
485;Postal Paese - Burgstall Dorf;11.1928161111111;46.6083586111111;0;BZ-ME / NIGHTSH / VARIANTI / 
661;via Val di Nova 2 - Naifweg 2;11.1956413888889;46.6715461111111;0;1 ME / VARIANTI / 
907;Postal via Prantl - Burgstall Prantlweg;11.1955555555556;46.6052269444444;0;BZ-ME / NIGHTSH / VARIANTI / 
9657;via Verdins 3 - Verdinsstr. 3;11.1995041666667;46.7020508333333;0;NIGHTSH / 
9658;via Verdins 3 - Verdinsstr. 3;11.1995961111111;46.7024619444444;0;NIGHTSH / 
906;Postal via Prantl - Burgstall Prantlweg;11.1961341666667;46.6049766666667;0;BZ-ME / NIGHTSH / VARIANTI / 
9659;via Verdins 4 - Verdinsstr. 4;11.2016144444444;46.7050944444445;0;NIGHTSH / 
9660;via Verdins 4 - Verdinsstr. 4;11.20165;46.7052972222222;0;NIGHTSH / 
662;via Val di Nova 3 - Naifweg 3;11.2005180555556;46.6713805555556;0;1 ME / ME-AV / VARIANTI / 
9663;via Verdins 5 - Verdinsstr. 5;11.2021197222222;46.7074722222222;0;NIGHTSH / 
9662;via Verdins 5 - Verdinsstr. 5;11.2022263888889;46.7075133333333;0;NIGHTSH / 
663;via Val di Nova 3 - Naifweg 3;11.2013533333333;46.6716438888889;0;1 ME / ME-AV / 
477;Postal Fun. Verano - Burgstall Seilb. Voeran;11.1990022222222;46.6008675;0;BZ-ME / NIGHTSH / VARIANTI / 
483;Postal Fun. Verano - Burgstall Seilb. Voeran;11.1992586111111;46.5996319444444;0;BZ-ME / NIGHTSH / VARIANTI / 
10022;Postal Fun. Verano - Burgstall Seilb. Voeran;11.1994038888889;46.6006502777778;0;VARIANTI / 
9661;Verdins Paese - Verdins Dorf;11.2045802777778;46.7118552777778;0;NIGHTSH / 
9731;Postal Winkelau - Burgstall Winkelau;11.2003194444444;46.5967975;0;BZ-ME / NIGHTSH / VARIANTI / 
9732;Postal Winkelau - Burgstall Winkelau;11.2004122222222;46.5967030555556;0;BZ-ME / NIGHTSH / VARIANTI / 
9773;via Labers 2 - Laberserstr. 2;11.2030630555556;46.6608908333333;0;ME-AV / 
9774;via Labers 2 - Laberserstr. 2;11.2031058333333;46.6612511111111;0;ME-AV / 
666;via Labers 1 - Laberserstr. 1;11.2042427777778;46.6670016666667;0;ME-AV / 
667;via Labers 1 - Laberserstr. 1;11.20433;46.6661452777778;0;ME-AV / 
478;Gargazzone - Gargazon;11.2015475;46.5865036111111;0;BZ-ME / NIGHTSH / VARIANTI / 
482;Gargazzone - Gargazon ;11.2018130555556;46.5863372222222;0;BZ-ME / NIGHTSH / VARIANTI / 
1219;Nalles Municipio - Nals Rathaus;11.20296;46.5428366666667;0;NALLES / VARIANTI / 
1220;Nalles Municipio - Nals Rathaus;11.2029969444444;46.5427047222222;0;NALLES / 
902;Funivia Merano 2000 - Seilbahn Meran 2000;11.2091625;46.6715319444444;0;ME-AV / 
901;Funivia Merano 2000 - Seilbahn Meran 2000;11.2091938888889;46.6714566666667;0;ME-AV / 
664;Funivia Merano 2000 - Seilbahn Meran 2000;11.2093597222222;46.6709822222222;0;1 ME / VARIANTI / 
858;via Schwanburg - Schwanburgerstr.;11.2042638888889;46.54115;0;NALLES / VARIANTI / 
859;via Schwanburg - Schwanburgerstr.;11.2043008333333;46.5411094444444;0;NALLES / VARIANTI / 
1221;piazza Fontana - Brunnen Platz;11.2043102777778;46.5406211111111;0;NALLES / 
1222;piazza Fontana - Brunnen Platz;11.2043886111111;46.5404658333333;0;NALLES / 
850;Nalles Cantina - Nals Kellerei;11.2044958333333;46.5391275;0;NALLES / VARIANTI / 
1409;S. Caterina Paese - St. Kathrein Dorf;11.2099644444444;46.6474402777778;0;SKIBUS / 
9747;Nalles parcheggio pompieri - Nals Feuerwehr Parkplatz;11.2059736111111;46.5434144444444;0;NALLES / VARIANTI / 
9764;Hinterkofel 1 - Hinterkofel 1;11.2095044444444;46.6258811111111;0;ME-AV / 
860;Nalles parcheggio pompieri - Nals Feuerwehr Parkplatz;11.2062325;46.54335;0;NALLES / VARIANTI / 
1217;via Andriano (Huben) - Andrianerstr. (Huben);11.2061033333333;46.5389663888889;0;NALLES / 
9763;Hinterkofel 1 - Hinterkofel 1;11.2096794444444;46.6260058333333;0;ME-AV / 
1218;via Andriano (Huben) - Andrianerstr. (Huben);11.2062847222222;46.5387505555556;0;NALLES / 
668;Santa Caterina - St. Kathrein;11.2110686111111;46.6455491666667;0;ME-AV / SKIBUS / 
669;Santa Caterina - St. Kathrein;11.21133;46.6456591666667;0;ME-AV / SKIBUS / 
1215;via Andriano (Kaltbrunn) - Andrianerstr. (Kaltbrunn);11.2079847222222;46.5358836111111;0;NALLES / 
1216;via Andriano (Kaltbrunn) - Andrianerstr. (Kaltbrunn);11.2081866666667;46.5357105555556;0;NALLES / 
9745;Nalles Lichtenburg - Nals Lichtenburg;11.2087869444444;46.5474825;0;VARIANTI / 
916;Nalles via Vilpiano - Nals Vilpianstr.;11.2100583333333;46.5491083333333;0;NALLES / VARIANTI / 
479;Gargazzone Waldweg - Gargazon Waldweg;11.2114575;46.5810713888889;0;BZ-ME / NIGHTSH / 
915;Nalles via Vilpiano - Nals Vilpianstr.;11.2102091666667;46.5491511111111;0;NALLES / VARIANTI / 
481;Gargazzone Waldweg - Gargazon Waldweg;11.2116677777778;46.5810261111111;0;BZ-ME / NIGHTSH / VARIANTI / 
1412;Moar Wiese (Viktoria) - Moar Wiese (Viktoria);11.2149633333333;46.6519147222222;0;SKIBUS / 
970;Gargazzone Berghuetten - Gargazon Berghuetten;11.2131191666667;46.57692;0;NIGHTSH / 
673;Parcheggio Nusser - Parkpl. Nussser;11.2171827777778;46.6502605555556;0;ME-AV / SKIBUS / 
1351;Nalles, Giessen - Nals, Giessen;11.2132547222222;46.552875;0;NALLES / 
1352;Nalles, Giessen - Nals, Giessen;11.2135294444444;46.5526280555556;0;NALLES / 
672;Parcheggio Nusser - Parkpl. Nussser;11.2178588888889;46.6493005555556;0;ME-AV / SKIBUS / 
9762;via Verano - Voeranstr.;11.2173613888889;46.6349822222222;0;ME-AV / 
9761;via Verano - Voeranstr.;11.2174436111111;46.6349191666667;0;ME-AV / 
823;Bivio Falzeben -  Abzw. Falzeben;11.2189508333333;46.64843;0;ME-AV / SKIBUS / 
9775;Bivio Falzeben - Abzw. Falzeben;11.2191094444444;46.6484027777778;0;ME-AV / SKIBUS / 
674;Moar Wiese - Moar Wiese;11.2194663888889;46.6534377777778;0;ME-AV / SKIBUS / 
675;Moar Wiese - Moar Wiese;11.2197705555556;46.6537963888889;0;ME-AV / SKIBUS / 
1413;Avelengo di Sopra (Sonnenheim) - Oberdorf (Sonnenheim);11.2205161111111;46.653895;0;SKIBUS / 
9729;vicolo al Monte - Bergstr.;11.2172288888889;46.5718338888889;0;BZ-ME / NIGHTSH / 
9730;vicolo al Monte - Bergstr.;11.2172725;46.5718525;0;BZ-ME / NIGHTSH / VARIANTI / 
676;Avelengo di Sopra - Hafling Oberdorf;11.2217802777778;46.6567588888889;0;ME-AV / SKIBUS / 
9765;Hinterkofel 2 - Hinterkofel 2;11.2208766666667;46.6147738888889;0;ME-AV / 
9766;Hinterkofel 2 - Hinterkofel 2;11.2210144444444;46.6149416666667;0;ME-AV / 
677;Avelengo di Sopra - Hafling Oberdorf;11.2228075;46.65709;0;ME-AV / SKIBUS / 
678;Falzeben 1 - Falzeben 1;11.2230805555556;46.6590211111111;0;ME-AV / SKIBUS / 
679;Falzeben 1 - Falzeben 1;11.2234327777778;46.6590819444444;0;ME-AV / SKIBUS / 
9743;Zum Hirschen -  Zum Hirschen;11.2201622222222;46.5561927777778;0;NALLES / VARIANTI / 
1223;Vilpiano stazione - Vilpian Bahnhof;11.2207013888889;46.5540169444444;0;NALLES / 
9744;Zum Hirschen - Zum Hirschen;11.2210327777778;46.5569830555556;0;NALLES / VARIANTI / 
1414;Avelengo Municipio - Hafling Rathaus;11.2247444444444;46.6460966666667;0;SKIBUS / 
1348;Vilpiano Campeggio - Vilpian Campingpl.;11.2216177777778;46.5679488888889;0;BZ-ME / 
1349;Vilpiano Campeggio - Vilpian Campingpl.;11.2217944444444;46.5677491666667;0;BZ-ME / 
671;Avelengo - Hafling ;11.2253813888889;46.6445233333333;0;ME-AV / SKIBUS / 
9725;Vilpiano - Vilpian;11.2235005555556;46.5596372222222;0;BZ-ME / NALLES / VARIANTI / 
9726;Vilpiano - Vilpian;11.2238255555556;46.5613452777778;0;BZ-ME / NALLES / VARIANTI / 
9724;Zona sportiva - Sportzone;11.2236675;46.5558047222222;0;BZ-ME / NALLES / VARIANTI / 
9727;Vilpiano Fun. Meltina - Vilpian Seilb. Moelten;11.2242641666667;46.5630647222222;0;BZ-ME / NALLES / NIGHTSH / VARIANTI / 
9776;Hinterkofel 3 - Hinterkofel 3;11.2265508333333;46.61743;0;ME-AV / 
9723;Zona sportiva - Sportzone;11.22418;46.5552113888889;0;BZ-ME / NALLES / VARIANTI / 
9777;Hinterkofel 3 - Hinterkofel 3;11.2267944444444;46.6172877777778;0;ME-AV / 
9768;Verano  Paese 1 - Voeran Dorf 1;11.2264636111111;46.6059497222222;0;ME-AV / 
680;Falzeben 2 - Falzeben 2;11.2285905555556;46.6573419444444;0;ME-AV / SKIBUS / 
681;Falzeben 2 - Falzeben 2;11.2286672222222;46.6574975;0;ME-AV / SKIBUS / 
9767;Verano  Paese 1 - Voeran Dorf 1;11.2271725;46.6056930555556;0;ME-AV / 
1415;Avelengo (Ganthaler) - Hafling (Gantahler);11.2293244444444;46.6464286111111;0;SKIBUS / 
891;Avlengo zona art. - Hafling Handwerkerz.;11.2312513888889;46.6382366666667;0;ME-AV / 
890;Avlengo zona art. - Hafling Handwerkerz.;11.2314125;46.6378061111111;0;ME-AV / 
683;Falzeben 3 - Falzeben 3;11.2329322222222;46.6614461111111;0;ME-AV / SKIBUS / 
682;Falzeben 3 - Falzeben 3;11.2330272222222;46.6613772222222;0;ME-AV / SKIBUS / 
1214;Andriano Lido - Andrian Lido;11.2276030555556;46.5220736111111;0;NALLES / 
1416;Avelengo (Brunnerhof) - Hafling (Brunnerhof);11.2328280555556;46.6410672222222;0;SKIBUS / 
9722;Vilpiano Schlemmer - Vilpian Schlemmer;11.2295569444444;46.5520102777778;0;BZ-ME / NALLES / VARIANTI / 
9721;Vilpiano Schlemmer - Vilpian Schlemmer;11.2296588888889;46.5519236111111;0;BZ-ME / NALLES / VARIANTI / 
9770;Verano  Paese 2 - Voeran Dorf 2;11.2320897222222;46.6040116666667;0;ME-AV / 
1213;Andriano Lido - Andrian Lido;11.2292677777778;46.5217338888889;0;NALLES / 
9769;Verano  Paese 2 - Voeran Dorf 2;11.2328663888889;46.6041308333333;0;ME-AV / 
1212;Andriano Municipio - Andrian Rathaus;11.2327730555556;46.5200872222222;0;NALLES / 
1211;Andriano Municipio - Andrian Rathaus;11.2331194444444;46.5196830555556;0;NALLES / 
9741;Andriano  p.zza.S.Urbano - Andrian  St.Urban Platz;11.2332827777778;46.5187047222222;0;NALLES / VARIANTI / 
684;Merano 2000 - Meran 2000;11.2405238888889;46.66532;0;ME-AV / SKIBUS / 
9771;Gruener Baum - Gruener Baum;11.2393216666667;46.60814;0;ME-AV / 
9720;Terlano  Weinstube - Terlan  Weinstube;11.2383825;46.5449686111111;0;BZ-ME / NALLES / VARIANTI / 
9719;Terlano  Weinstube - Terlan  Weinstube;11.23842;46.5436083333333;0;BZ-ME / NALLES / VARIANTI / 
9717;Terlano Winkler Hof - Terlan Winkler Hof;11.2412005555556;46.5371497222222;0;BZ-ME / NALLES / VARIANTI / 
9718;Terlano Winkler Hof - Terlan Winkler Hof;11.2421527777778;46.5365275;0;BZ-ME / NALLES / VARIANTI / 
9716;Terlano Centro - Terlan Zentrum;11.2492022222222;46.5293922222222;0;BZ-ME / NALLES / VARIANTI / 
10849;Terlano Stazione - Terlan Bahnhof;11.2492180555556;46.5283672222222;0;NALLES / VARIANTI / 
9715;Terlano Centro - Terlan Zentrum;11.2496594444444;46.5293394444444;0;BZ-ME / NALLES / VARIANTI / 
9713;Chiusa  Oberspeiser - Klaus  Oberspeiser;11.2604872222222;46.5195972222222;0;BZ-ME / NALLES / VARIANTI / 
9714;Chiusa  Oberspeiser - Klaus  Oberspeiser;11.2605808333333;46.5195863888889;0;BZ-ME / NALLES / VARIANTI / 
9733;Settequerce Zona Artig. - Siebeneich HW Zone;11.2691694444444;46.5142661111111;0;BZ-ME / NALLES / VARIANTI / 
9734;Settequerce Zona Artig. - Siebeneich HW Zone;11.2701777777778;46.5138780555556;0;BZ-ME / NALLES / VARIANTI / 
9709;Settequerce - Siebeneich;11.2743291666667;46.5108555555556;0;BZ-ME / NALLES / VARIANTI / 
9710;Settequerce - Siebeneich;11.2743766666667;46.5109722222222;0;BZ-ME / NALLES / VARIANTI / 
9708;via Merano 94 - Meranerstr. 94;11.2913169444444;46.5057811111111;0;BZ-ME / NALLES / VARIANTI / 
9707;via Merano 94 - Meranerstr. 94;11.2921819444444;46.5054341666667;0;BZ-ME / NALLES / VARIANTI / 
9706;Bagni di Zolfo - Schwefelbad;11.2956308333333;46.5039933333333;0;BZ-ME / NALLES / VARIANTI / 
9705;Bagni di Zolfo - Schwefelbad;11.2957058333333;46.5038427777778;0;BZ-ME / NALLES / VARIANTI / 
5353;Ponte Adige F.S. - Sigmundskron Bhf;11.2967563888889;46.4860019444444;0;9 BZ / VARIANTI / 
40953;Ponte Adige Stazione 2 -  Sigmundskron Bahnhof 2;11.2980872222222;46.4858594444444;0;9 BZ / 
5354;Ponte Adige F.S. - Sigmundskron Bhf;11.2981555555556;46.4857863888889;0;9 BZ / 
9704;S. Maurizio Moosb. - Moritzing Moosb.;11.2998655555556;46.5010216666667;0;BZ-ME / NALLES / VARIANTI / 
9703;S. Maurizio Moosb. - Moritzing Moosb.;11.3001583333333;46.5007538888889;0;BZ-ME / NALLES / VARIANTI / 
4147;Ponte Adige - Sigmundskron;11.2998244444444;46.4852591666667;0;SCOL_BZ / 
9404;Ponte Adige - Sigmundskron;11.2998711111111;46.4854261111111;0;9 BZ / VARIANTI / 
9403;Ponte Adige - Sigmundskron;11.2999472222222;46.4853713888889;0;9 BZ / 
9909;Vadena Birti - Pfatten Birti;11.29905;46.4063613888889;0;VAD_LAIV / VARIANTI / 
9702;S.Maurizio Pircher - Moritzing Pircher;11.3032133333333;46.4987111111111;0;BZ-ME / NALLES / VARIANTI / 
9701;S.Maurizio Pircher - Moritzing Pircher;11.3034419444444;46.4984386111111;0;BZ-ME / NALLES / VARIANTI / 
851;via Merano - Meranerstr.;11.3050213888889;46.4973275;0;10A BZ / 8 BZ / VARIANTI / 
5343;Firmiano - Firmian;11.3051766666667;46.4903775;0;9 BZ / VARIANTI / 
5344;Firmiano - Firmian;11.3055594444444;46.4906252777778;0;9 BZ / 
951;Vadena Comune - Pfatten Gemeinde;11.3046666666667;46.4131341666667;0;VAD_LAIV / VARIANTI / 
9907;Vadena Comune - Pfatten Gemeinde;11.3048272222222;46.4131733333333;0;VAD_LAIV / VARIANTI / 
9908;Vadena Comune - Pfatten Gemeinde;11.3050294444444;46.4137688888889;0;VAD_LAIV / VARIANTI / 
883;Masetta - Wachsbleiche;11.3056891666667;46.4188183333333;0;VAD_LAIV / VARIANTI / 
881;Masetta - Wachsbleiche;11.3057147222222;46.4186661111111;0;VAD_LAIV / VARIANTI / 
5156;Ospedale 1 - Krankenhaus 1;11.3091638888889;46.4996205555556;0;10A BZ / 8 BZ / BZ-ME / VARIANTI / 
5155;Ospedale 1 - Krankenhaus 1;11.3092536111111;46.4995513888889;0;10B BZ / 8 BZ / BZ-ME / VARIANTI / 
882;Vadena Mover - Pfatten Mover;11.3066983333333;46.4229525;0;VAD_LAIV / VARIANTI / 
855;via Druso 11 - Drusus Str. 11;11.3115127777778;46.4938497222222;0;10A BZ / 8 BZ / 9 BZ / BZ-ME / NALLES / VARIANTI / 
854;via Druso 11 - Drusus Str. 11;11.3115230555556;46.4939430555556;0;10B BZ / 8 BZ / 9 BZ / BZ-ME / NALLES / VARIANTI / 
5159;via S. Maurizio 2 - Moritzinger Str. 2;11.3126041666667;46.5014213888889;0;10B BZ / 
5160;via S. Maurizio 2 - Moritzinger Str. 2;11.313005;46.5015288888889;0;10A BZ / 
9906;Vadena Nuova - Neu Pfatten;11.3106091666667;46.4131911111111;0;VAD_LAIV / VARIANTI / 
5158;Ospedale 2 - Krankenhaus 2;11.3144308333333;46.4990066666667;0;8 BZ / VARIANTI / 
9905;Vadena Nuova - Neu Pfatten;11.3109277777778;46.4132441666667;0;VAD_LAIV / VARIANTI / 
884;stadio Europa - Stadium Europa;11.3150047222222;46.4927027777778;0;10A BZ / 2 BZ / 6 BZ / 9 BZ / 
885;stadio Europa - Stadium Europa;11.3150391666667;46.4928586111111;0;10B BZ / 9 BZ / VARIANTI / 
5274;via Sordo - Sordo Str.;11.3149597222222;46.4905283333333;0;5 BZ / 
5153;via Druso 10 - Drusus Str. 10;11.3154325;46.4941855555556;0;2 BZ / 6 BZ / 8 BZ / VARIANTI / 
5154;via Druso 10 - Drusus Str. 10;11.3154886111111;46.4941219444444;0;8 BZ / VARIANTI / 
5273;via A. Emeri 2 -  A. Emeri Str. 2;11.3152519444444;46.4801430555556;0;153 BZ / 3 BZ / 
5275;via Mozart - Mozart Str.;11.3160466666667;46.4891616666667;0;5 BZ / 
5172;Palasport - Stadthalle;11.3161444444444;46.4910886111111;0;10B BZ / 9 BZ / VARIANTI / 
5171;Palasport - Stadthalle;11.3163572222222;46.4905572222222;0;10A BZ / 9 BZ / 
5271;via A. Emeri 1 - A. Emeri Str. 1;11.3159797222222;46.4816241666667;0;153 BZ / 3 BZ / 
5272;via A. Emeri 1 - A. Emeri Str. 1;11.316085;46.4816038888889;0;153 BZ / 3 BZ / 
869;via Milano 4 - Mailand Str. 4;11.3175538888889;46.4896555555556;0;5 BZ / 
5162;via S. Maurizio 1 - Moritzinger Str. 1;11.3181816666667;46.5022025;0;10A BZ / 
5173;via Resia 1 - Reschen Str. 1;11.3177241666667;46.4884125;0;10A BZ / 9 BZ / 
5161;via S. Maurizio 1 - Moritzinger Str. 1;11.3183163888889;46.5021894444445;0;10B BZ / 
5174;via Resia 1 - Reschen Str. 1;11.3177347222222;46.488485;0;10B BZ / 9 BZ / VARIANTI / 
5000;via Milano 4 - Mailand Str. 4;11.3184113888889;46.4898675;0;5 BZ / 
5270;via Ortles - Ortler Str.;11.3181261111111;46.4830027777778;0;153 BZ / 3 BZ / 
9903;ponte Vadena - Pfattner Bruecke;11.3152969444444;46.4138347222222;0;VAD_LAIV / VARIANTI / 
5269;via Ortles - Ortler Str.;11.3182866666667;46.4830436111111;0;153 BZ / 3 BZ / 
875;ponte Vadena - Pfattner Bruecke;11.3153688888889;46.4138594444444;0;VAD_LAIV / VARIANTI / 
5176;via Resia 2 - Reschen Str. 2;11.3187033333333;46.4870216666667;0;10B BZ / 6 BZ / 
5175;via Resia 2 - Reschen Str. 2;11.3187866666667;46.4867261111111;0;10A BZ / 153 BZ / 6 BZ / 
5323;via Druso 9 - Drusus Str. 9;11.3195461111111;46.4944061111111;0;2 BZ / 6 BZ / 8 BZ / VARIANTI / 
5220;via Sassari 2 - Sassari Str. 2;11.3195038888889;46.4883005555556;0;153 BZ / 6 BZ / 9 BZ / VARIANTI / 
5324;via Druso 9 - Drusus Str. 9;11.3198025;46.4943791666667;0;8 BZ / VARIANTI / 
5337;via Sassari 2 - Sassari Str. 2;11.3199216666667;46.4883458333333;0;6 BZ / 9 BZ / 
874;Bronzolo F.S. - Branzoll Bhf;11.3164133333333;46.4049530555556;0;VAD_LAIV / VARIANTI / 
5221;via Parma - Parma Str.;11.3203752777778;46.4901075;0;153 BZ / 
5177;via Resia 3 - Reschen Str. 3;11.320345;46.4842741666667;0;10A BZ / 153 BZ / 3 BZ / 6 BZ / 
5001;via Gutenberg - Gutenberg Str.;11.3206936111111;46.4912958333333;0;5 BZ / 
5002;via Gutenberg - Gutenberg Str.;11.3207030555556;46.4915086111111;0;153 BZ / 5 BZ / 
5178;via Resia 3 - Reschen Str. 3;11.3206211111111;46.4838569444445;0;10B BZ / 153 BZ / 3 BZ / 6 BZ / 
5202;via Bari 4 - Bari Str. 4;11.3206916666667;46.4851866666667;0;3 BZ / 
5201;via Bari 4 - Bari Str. 4;11.3207119444444;46.4851613888889;0;153 BZ / 3 BZ / 
5066;Bronzolo 4 - Branzoll 4;11.3178166666667;46.4007941666667;0;2 BZ / 
5203;via Bari 3 - Bari Str. 3;11.3220608333333;46.4856061111111;0;3 BZ / 
5065;Bronzolo 3 - Branzoll 3;11.3187713888889;46.4031513888889;0;2 BZ / NOTTURNA / 
905;Bronzolo 3 - Branzoll 3;11.3187777777778;46.4030397222222;0;VAD_LAIV / VARIANTI / 
5180;via Resia 4 - Reschen Str. 4;11.3222069444444;46.4825116666667;0;10B BZ / 6 BZ / 
5004;viale Europa 4 - Europa Allee 4;11.3226725;46.4924725;0;153 BZ / 5 BZ / 
5179;via Resia 4 - Reschen Str. 4;11.3223019444444;46.4823463888889;0;10A BZ / 6 BZ / 
5336;via Sassari 1 - Sassari Str. 1;11.3226727777778;46.4886744444445;0;6 BZ / 9 BZ / 
5003;viale Europa 4 - Europa Allee 4;11.3229;46.4923580555556;0;5 BZ / 
5218;via Sassari 1 - Sassari Str. 1;11.3229122222222;46.4887555555556;0;6 BZ / 9 BZ / VARIANTI / 
5342;Garage SASA ;11.3227816666667;46.4751102777778;0;TRASF / TRAS_DIP / 
873;Bronzolo 2 - Branzoll 2;11.3204625;46.4056455555556;0;VAD_LAIV / VARIANTI / 
5187;via Buozzi 3 - Buozzi Str. 3;11.3232005555556;46.4697480555556;0;10A BZ / 
5188;via Buozzi 3 - Buozzi Str. 3;11.3233530555556;46.469665;0;10B BZ / MERCATIN / 
5064;Bronzolo 2 - Branzoll 2;11.3206463888889;46.4059388888889;0;2 BZ / VARIANTI / 
5164;via V. Veneto 2 - V. Veneto Str. 2;11.3248330555556;46.5032458333333;0;10A BZ / 
5265;via Bari 2 - Bari Str. 2;11.3243138888889;46.4864597222222;0;3 BZ / 
5204;via Bari 2 - Bari Str. 2;11.3245022222222;46.4865030555556;0;153 BZ / 3 BZ / 
5163;via V. Veneto 2 - V. Veneto Str. 2;11.3253541666667;46.5031655555556;0;10B BZ / 
5149;via Druso 7 - Drusus Str. 7;11.3256647222222;46.4947769444444;0;2 BZ / 6 BZ / 8 BZ / VARIANTI / 
5333;via Montecassino - Montecassino Str.;11.3254625;46.48948;0;6 BZ / 9 BZ / VARIANTI / 
5207;via Montecassino - Montecassino Str.;11.3254733333333;46.4892094444445;0;153 BZ / 3 BZ / 6 BZ / 9 BZ / 
1116;Bronzolo SS12 Raif - Branzoll SS12 Raif;11.3219547222222;46.4029630555556;0;VAD_LAIV / VARIANTI / 
5150;via Druso 7 - Drusus Str. 7;11.3258608333333;46.4947147222222;0;8 BZ / VARIANTI / 
5230;via Volta 5 - Volta Str. 5;11.3252752777778;46.4806683333333;0;10B BZ / 6 BZ / 
5229;via Volta 5 - Volta Str. 5;11.3254411111111;46.4805691666667;0;10A BZ / 6 BZ / 
5332;via Del Ronco - Neubruchweg;11.3259661111111;46.49176;0;6 BZ / 9 BZ / 
5331;via Del Ronco - Neubruchweg;11.3260127777778;46.4921847222222;0;6 BZ / 9 BZ / VARIANTI / 
5185;Fiera - Messe;11.3255741666667;46.4735594444445;0;10A BZ / MERCATIN / 
1117;Bronzolo SS12 Raif - Branzoll SS12 Raif;11.3226658333333;46.4032105555556;0;2 BZ / 
5186;Fiera - Messe;11.3256777777778;46.4735336111111;0;10B BZ / MERCATIN / 
5006;viale Europa 3 - Europa Allee 3;11.3267791666667;46.4930622222222;0;153 BZ / 5 BZ / 6 BZ / 9 BZ / VARIANTI / 
5208;via Milano 3 - Mailand Str. 3;11.3267147222222;46.4902127777778;0;153 BZ / 3 BZ / 
5264;via Bari 1 - Bari Str. 1;11.3266966666667;46.48775;0;3 BZ / 
5067;Laives Staz. - Leifers Bhf.;11.3245397222222;46.4348097222222;0;INT_LAIV / VAD_LAIV / VARIANTI / 
5205;via Bari 1 - Bari Str. 1;11.3269025;46.4878316666667;0;153 BZ / 3 BZ / 
5005;viale Europa 3 - Europa Allee 3;11.3271786111111;46.4929675;0;5 BZ / 6 BZ / 9 BZ / 
1340;via Volta 4 - Volta Str. 4;11.3270116666667;46.4802911111111;0;10A BZ / 
5189;via Einstein 2 - Einstein Str. 2;11.3265616666667;46.4684977777778;0;10A BZ / SCOL_BZ / 
1341;via Volta 4 - Volta Str. 4;11.3274930555556;46.4803286111111;0;10B BZ / 6 BZ / 
5184;via Buozzi 2 - Buozzi Str. 2;11.3273411111111;46.4762538888889;0;10B BZ / 
5334;via Sorrento - Sorrent Str.;11.3282569444444;46.4943027777778;0;6 BZ / 9 BZ / VARIANTI / 
5335;via Sorrento - Sorrent Str.;11.3282977777778;46.4940561111111;0;6 BZ / 9 BZ / 
5183;via Buozzi 2 - Buozzi Str. 2;11.3276913888889;46.4770402777778;0;10A BZ / MERCATIN / 
5190;via Einstein 2 - Einstein Str. 2;11.3275608333333;46.4685933333333;0;10B BZ / MERCATIN / SCOL_BZ / 
5008;viale Europa 2 - Europa Allee 2;11.3290508333333;46.4925438888889;0;153 BZ / 5 BZ / 
862;via Braille/staz. Bz Sud - Braille Str./Bhf Bz Sd;11.3282675;46.4729738888889;0;6 BZ / 
5147;via Druso 6 - Drusus Str. 6;11.3292894444444;46.4949736111111;0;2 BZ / 6 BZ / 8 BZ / 9 BZ / BZ-ME / NALLES / VARIANTI / 
5007;viale Europa 2 - Europa Allee 2;11.3292825;46.4925047222222;0;5 BZ / 
5166;via V. Veneto 1 - V. Veneto Str. 1;11.3298433333333;46.5027713888889;0;10A BZ / 
5148;via Druso 6 - Drusus Str. 6;11.3295263888889;46.4949322222222;0;6 BZ / 8 BZ / 9 BZ / BZ-ME / NALLES / VARIANTI / 
5182;via Buozzi 1 - Buozzi Str. 1;11.3288730555556;46.4787541666667;0;10B BZ / MERCATIN / 
5181;via Buozzi 1 - Buozzi Str. 1;11.3291152777778;46.4793652777778;0;10A BZ / MERCATIN / 
5165;via V. Veneto 1 - V. Veneto Str. 1;11.3301441666667;46.5026591666667;0;10B BZ / 
5217;via Cagliari - Cagliari Str.;11.3295930555556;46.4883330555556;0;3 BZ / 
5209;via Milano 2 - Mailand Str. 2;11.329665;46.48988;0;153 BZ / 3 BZ / 
5237;via Pacinotti 2 - Pacinotti Str. 2;11.3299477777778;46.4804972222222;0;4 BZ / 
5194;via Galvani 4 - Galvani Str. 4;11.3295905555556;46.4693444444444;0;2 BZ / 4 BZ / MERCATIN / 
5193;via Galvani 4 - Galvani Str. 4;11.3297283333333;46.4693136111111;0;2 BZ / 4 BZ / 
5322;via Siemens 2 - Siemens Str. 2;11.3302930555556;46.4825122222222;0;6 BZ / 
1091;via Volta 3 - Volta Str. 3;11.3302369444444;46.4797663888889;0;2 BZ / 4 BZ / 
861;via G. di Vittorio - G. di Vittorio Str.;11.3301316666667;46.4744058333333;0;6 BZ / 
5338;via Pacinotti 2 - Pacinotti Str. 2;11.3307519444444;46.4819672222222;0;4 BZ / 6 BZ / 
5145;via Druso 5 - Drusus Str. 5;11.3315233333333;46.4950936111111;0;2 BZ / 6 BZ / 8 BZ / 9 BZ / VARIANTI / 
5146;via Druso 5 - Drusus Str. 5;11.3316105555556;46.4950413888889;0;6 BZ / 8 BZ / 9 BZ / VARIANTI / 
5069;Laives Lido - Leifers Schwimmbad;11.3289544444444;46.4315727777778;0;INT_LAIV / VAD_LAIV / VARIANTI / 
5216;via Palermo 3 - Palermo Str. 3;11.3315147222222;46.4889533333333;0;3 BZ / 
5068;Laives Lido - Leifers Schwimmbad;11.3291113888889;46.4313208333333;0;INT_LAIV / VAD_LAIV / VARIANTI / 
5063;Bronzolo 1 - Branzoll 1;11.3282397222222;46.4096552777778;0;2 BZ / VAD_LAIV / VARIANTI / 
5191;via Einstein 3 - Einstein Str. 3;11.3307583333333;46.4672522222222;0;10A BZ / 2 BZ / 4 BZ / CIMITERO / 
5009;viale Europa 1 - Europa Allee 1;11.3319836111111;46.4923633333333;0;153 BZ / 
5196;via Galvani 3 - Galvani Str. 3;11.3313005555556;46.4730377777778;0;2 BZ / 4 BZ / MERCATIN / 
5195;via Galvani 3 - Galvani Str. 3;11.3313286111111;46.4728316666667;0;2 BZ / 4 BZ / 6 BZ / MERCATIN / 
5192;via Einstein 3 - Einstein Str. 3;11.3311766666667;46.4672777777778;0;10B BZ / 2 BZ / 4 BZ / CIMITERO / 
1090;via Pacinotti 1 - Pacinotti Str. 1;11.3320930555556;46.4840302777778;0;6 BZ / 
5215;via Palermo 2 - Palermo Str. 2;11.3325158333333;46.4918986111111;0;3 BZ / 
5268;Laives ZI - Leifers IZ;11.3290997222222;46.4106477777778;0;2 BZ / VAD_LAIV / VARIANTI / 
5210;via Milano 1 - Mailand Str. 1;11.3325086111111;46.4895775;0;153 BZ / 3 BZ / 
5011;via Palermo 1 - Palermo Str. 1;11.33274;46.4940311111111;0;5 BZ / 
947;via Marconi 3 - Marconi Str. 3;11.3297138888889;46.4222244444444;0;INT_LAIV / VAD_LAIV / VARIANTI / 
5010;via Palermo 1 - Palermo Str. 1;11.3327663888889;46.4931169444444;0;5 BZ / 
5236;via Volta 2 - Volta Str. 2;11.3322636111111;46.4795347222222;0;2 BZ / 4 BZ / 
5062;Laives ZI - Leifers IZ;11.3293880555556;46.4114697222222;0;2 BZ / VARIANTI / 
5239;via Siemens 1 - Siemens Str. 1;11.3326666666667;46.48278;0;4 BZ / 
5013;via Roen 2 - Roen Str. 2;11.3332986111111;46.4961355555556;0;5 BZ / 
5197;via Galvani 2 - Galvani Str. 2;11.3324608333333;46.4752530555556;0;2 BZ / 4 BZ / 6 BZ / MERCATIN / 
5072;via Diaz - Diaz Str.;11.33021;46.42142;0;VARIANTI / 
5198;via Galvani 2 - Galvani Str. 2;11.3325633333333;46.4755852777778;0;2 BZ / 4 BZ / 6 BZ / MERCATIN / 
5012;via Roen 2 - Roen Str. 2;11.3336352777778;46.4962327777778;0;5 BZ / 
5167;piazza Gries - Grieser Platz;11.3343505555556;46.5029733333333;0;10B BZ / 153 BZ / BZ-ME / VARIANTI / 
5168;piazza Gries - Grieser Platz;11.3346416666667;46.5028216666667;0;10A BZ / BZ-ME / VARIANTI / 
1096;via S. Giacomo 1 - St. Jakob Str. 1;11.3330613888889;46.46354;0;2 BZ / 4 BZ / CIMITERO / 
1098;via S. Giacomo 3 - St. Jakob Str. 3;11.3329744444444;46.460535;0;2 BZ / 4 BZ / 
5235;via Volta 2 - Volta Str. 2;11.3338036111111;46.4791797222222;0;2 BZ / 4 BZ / 
4220;scuola S.Giacomo - Schule St.Jakob;11.3330683333333;46.4613216666667;0;SCOL_BZ / 
5350;via S. Giacomo 2 (cap. 4) - St. Jakob Str. 2 (Endst. 4);11.3330369444444;46.4605838888889;0;CIMITERO / 
5071;via Marconi 2 - Marconi Str. 2;11.3315666666667;46.4244416666667;0;INT_LAIV / VAD_LAIV / VARIANTI / 
1099;via S. Giacomo 3 - St. Jakob Str. 3;11.3332055555556;46.4606905555556;0;2 BZ / 4 BZ / 
1097;via S. Giacomo 1 - St. Jakob Str. 1;11.3333258333333;46.4628836111111;0;2 BZ / 4 BZ / CIMITERO / 
5267;via Druso 4 - Drusus Str. 4;11.3348222222222;46.4952238888889;0;6 BZ / 8 BZ / 9 BZ / VARIANTI / 
5199;via Galvani 1 - Galvani Str. 1;11.3342413888889;46.4788922222222;0;2 BZ / 4 BZ / 6 BZ / MERCATIN / 
5238;via Siemens 1 - Siemens Str. 1;11.3346316666667;46.4830752777778;0;4 BZ / 6 BZ / 
5056;via S. Giacomo 4 - St. Jakob Str. 4;11.3336536111111;46.4588283333333;0;2 BZ / 4 BZ / 
863;via Lancia 2 - Lanciastr. 2;11.3345530555556;46.4798358333333;0;4 BZ / 6 BZ / 
948;via Marconi 2 - Marconi Str. 2;11.3323191666667;46.4249025;0;INT_LAIV / VAD_LAIV / VARIANTI / 
5266;via Druso 4 - Drusus Str. 4;11.3353366666667;46.4953547222222;0;2 BZ / 6 BZ / 8 BZ / 9 BZ / VARIANTI / 
5055;via S. Giacomo 4 - St. Jakob Str. 4;11.3337994444444;46.4586769444445;0;2 BZ / 4 BZ / 
1110;via Kennedy 4 - Kennedy Str. 4;11.3322688888889;46.4179969444444;0;2 BZ / VAD_LAIV / VARIANTI / 
1095;via Maso della Pieve 2 - Pfarrhof Str. 2;11.3344241666667;46.4675283333333;0;10A BZ / 2 BZ / CIMITERO / 
1094;via Maso della Pieve 2 - Pfarrhof Str. 2;11.334445;46.4678294444445;0;10B BZ / 2 BZ / CIMITERO / 
1111;via Kennedy 4 - Kennedy Str. 4;11.3323802777778;46.4180369444444;0;2 BZ / 4 BZ / VAD_LAIV / VARIANTI / 
5014;via Roen 1 - Roen Str. 1;11.3361125;46.4974058333333;0;5 BZ / 
1109;via Kennedy 3 - Kennedy Str. 3;11.3331013888889;46.4232902777778;0;2 BZ / 4 BZ / 
5015;via Roen 1 - Roen Str. 1;11.3362819444444;46.4975358333333;0;5 BZ / 
1108;via Kennedy 3 - Kennedy Str. 3;11.333185;46.4234230555556;0;2 BZ / 
5345;via Duca d'Aosta - Duca d'Aosta Str.;11.3366941666667;46.50036;0;5 BZ / 
5325;via Duca d'Aosta - Duca d'Aosta Str.;11.3366886111111;46.5001905555556;0;5 BZ / 
865;via Lancia 1 - Lanciastr. 1;11.3360030555556;46.4829586111111;0;4 BZ / 6 BZ / 
5073;via Sauro 1 - Sauro Str. 1;11.3334083333333;46.4215427777778;0;VAD_LAIV / VARIANTI / 
5054;via Maso della Pieve 1 - Pfarrhof Str. 1;11.3355155555556;46.4695727777778;0;10A BZ / 2 BZ / CIMITERO / 
5339;via Fago 4 - Fagen Str. 4;11.3371152777778;46.5059866666667;0;153 BZ / VARIANTI / 
1362;via Fago 4 - Fagen Str. 4;11.3371652777778;46.5059027777778;0;VARIANTI / 
5214;via Dalmazia 2 - Dalmatien Str. 2;11.3366072222222;46.4916644444444;0;153 BZ / 3 BZ / 
864;via Lancia 1 - Lanciastr. 1;11.3362791666667;46.4829477777778;0;4 BZ / 6 BZ / 
5053;via Maso della Pieve 1 - Pfarrhof Str. 1;11.3357241666667;46.4699119444445;0;10B BZ / 2 BZ / 
5074;via Sauro 1 - Sauro Str. 1;11.3338213888889;46.42162;0;VAD_LAIV / VARIANTI / 
5070;via Marconi 1 - Marconi Str. 1;11.3341311111111;46.4271527777778;0;INT_LAIV / VAD_LAIV / VARIANTI / 
5321;via Galilei 2 - Galilei Str. 2;11.3366586111111;46.4861047222222;0;6 BZ / 
949;via Marconi 1 - Marconi Str. 1;11.3341994444444;46.4271125;0;INT_LAIV / VAD_LAIV / VARIANTI / 
5211;piazza Matteotti - Matteotti Platz;11.3369127777778;46.4902819444445;0;153 BZ / 3 BZ / 
5240;via Lancia - Lancia Str.;11.3366994444444;46.4842161111111;0;4 BZ / 
1101;via S. Giacomo 5 - St. Jakob Str. 5;11.3355358333333;46.4528125;0;2 BZ / 4 BZ / 
1100;via S. Giacomo 5 - St. Jakob Str. 5;11.3355502777778;46.4525002777778;0;2 BZ / 4 BZ / 
5242;via Lancia - Lancia Str.;11.3369738888889;46.4849483333333;0;4 BZ / 
5169;corso Liberta` 2 - Freiheitsstr. 2;11.3377083333333;46.5018858333333;0;10B BZ / 153 BZ / 5 BZ / VARIANTI / 
5084;via Hofer 2 - Hofer Str. 2;11.3349852777778;46.4286763888889;0;VAD_LAIV / VARIANTI / 
5170;corso Liberta` 2 - Freiheitsstr. 2;11.3384747222222;46.5019722222222;0;10A BZ / VARIANTI / 
5051;Cimitero 2 - Friedhof 2;11.3373041666667;46.4727277777778;0;10B BZ / 2 BZ / CIMITERO / 
1092;Cimitero 1 - Friedhof 1;11.3374283333333;46.4754633333333;0;10B BZ / 2 BZ / CIMITERO / 
4242;scuole Rosmini/Stifter - Schulen Rosmini/Stifter;11.3386116666667;46.5025097222222;0;SCOL_BZ / 
5052;Cimitero 2 - Friedhof 2;11.3374211111111;46.4723077777778;0;10A BZ / 2 BZ / CIMITERO / 
5117;via Fago 3 - Fagen Str. 3;11.3389363888889;46.5067341666667;0;1 BZ / 14 BZ / 153 BZ / VARIANTI / 
1093;Cimitero 1 - Friedhof 1;11.3376141666667;46.4757091666667;0;10A BZ / 2 BZ / CIMITERO / 
5143;via Druso 3 - Drusus Str. 3;11.3384702777778;46.4951716666667;0;2 BZ / 6 BZ / 8 BZ / 9 BZ / BZ-ME / NALLES / VARIANTI / 
5058;via S. Giacomo 6 - St. Jakob Str. 6;11.3365313888889;46.4492313888889;0;2 BZ / 4 BZ / 
5057;via S. Giacomo 6 - St. Jakob Str. 6;11.3365975;46.4487894444444;0;2 BZ / 4 BZ / 
5144;via Druso 3 - Drusus Str. 3;11.3387175;46.4950383333333;0;6 BZ / 8 BZ / 9 BZ / BZ-ME / NALLES / VARIANTI / 
55352;via J. Noldin - J. Noldin Str.;11.3360927777778;46.4273875;0;VARIANTI / 
55351;via J. Noldin - J. Noldin Str.;11.3364783333333;46.4272388888889;0;INT_LAIV / VARIANTI / 
5060;Vurza - Wurzer;11.337315;46.4464391666667;0;2 BZ / 4 BZ / 
5037;piazza Mazzini - Mazzini Platz;11.3398097222222;46.5009338888889;0;153 BZ / 2 BZ / 3 BZ / 4 BZ / 5 BZ / 7A BZ / 8 BZ / 
5059;Vurza - Wurzer;11.33756;46.4454977777778;0;2 BZ / 4 BZ / 
5212;via Torino - Turin Str.;11.3395977777778;46.4912336111111;0;153 BZ / 3 BZ / 
5038;piazza Mazzini - Mazzini Platz;11.3400266666667;46.5011316666667;0;153 BZ / 2 BZ / 3 BZ / 4 BZ / 7B BZ / 8 BZ / 
1107;via Kennedy 2 - Kennedy Str. 2;11.3369622222222;46.4267763888889;0;2 BZ / 4 BZ / 
5018;piazza Tribunale - Gerichtsplatz;11.3399938888889;46.4974711111111;0;153 BZ / 2 BZ / 3 BZ / 4 BZ / 7A BZ / 8 BZ / CIMITERO / 
5020;via Battisti - Battisti Str.;11.3401388888889;46.5004988888889;0;2 BZ / 3 BZ / 4 BZ / 7A BZ / 8 BZ / CIMITERO / VARIANTI / 
5017;piazza Tribunale - Gerichtsplatz;11.3400319444444;46.4979047222222;0;153 BZ / 2 BZ / 3 BZ / 4 BZ / 7B BZ / 8 BZ / CIMITERO / 
5050;via C. Augusta 5 - C. Augusta Str. 5;11.3393388888889;46.4784761111111;0;10A BZ / 2 BZ / CIMITERO / 
5340;via Volta 1 - Volta Str. 1;11.3393822222222;46.4788608333333;0;2 BZ / 
5341;via Volta 1 - Volta Str. 1;11.3394175;46.4789522222222;0;2 BZ / 
5049;via C. Augusta 5 - C. Augusta Str. 5;11.3395227777778;46.4788261111111;0;10B BZ / 2 BZ / CIMITERO / 
5118;v.le Principe Eugenio - Prinz Eugen A.;11.3407744444444;46.5045655555556;0;1 BZ / 14 BZ / 
5075;via Sauro 2 - Sauro Str. 2;11.3372763888889;46.4221225;0;VAD_LAIV / VARIANTI / 
1106;via Kennedy 2 - Kennedy Str. 2;11.3375722222222;46.4274188888889;0;2 BZ / INT_LAIV / VARIANTI / 
5040;via Roma 1 - Romstr. 1;11.3404586111111;46.4944741666667;0;153 BZ / 2 BZ / 3 BZ / 4 BZ / 7B BZ / CIMITERO / VARIANTI / 
5019;via Battisti - Battisti Str.;11.3408727777778;46.5004205555556;0;153 BZ / 2 BZ / 3 BZ / 4 BZ / 7B BZ / 8 BZ / CIMITERO / 
5116;via Fago 2 - Fagen Str. 2;11.3412036111111;46.5075925;0;1 BZ / 14 BZ / 153 BZ / VARIANTI / 
5039;via Roma 1 - Romstr. 1;11.3407594444444;46.4935736111111;0;153 BZ / 2 BZ / 3 BZ / 4 BZ / 7A BZ / CIMITERO / VARIANTI / 
945;via Hofer 1 - Hofer Str. 1;11.3381186111111;46.4294027777778;0;VAD_LAIV / VARIANTI / 
5083;via Hofer 1 - Hofer Str. 1;11.3381761111111;46.4295333333333;0;VAD_LAIV / VARIANTI / 
5319;via Avogadro - Avogadro Str.;11.3406197222222;46.4852713888889;0;6 BZ / 
5213;via Dalmazia 1 - Dalmatien Str. 1;11.3409383333333;46.4921158333333;0;153 BZ / 3 BZ / 
1000004;via Pietralba 2 - Weissensteiner Str. 2;11.3382269444444;46.4265611111111;0;VARIANTI / 
100003;via Pietralba 1 - Weissensteiner Str. 1;11.3382269444444;46.4265611111111;0;VARIANTI / 
5079;via Pietralba 2 - Weissensteiner Str. 2;11.3382652777778;46.4265991666667;0;VARIANTI / 
5320;via Galilei 1 - Galilei Str. 1;11.3408836111111;46.4869183333333;0;4 BZ / 
5076;via Sauro 2 - Sauro Str. 2;11.338205;46.422345;0;VAD_LAIV / VARIANTI / 
5314;via Druso 2 - Drusus Str. 2;11.3414283333333;46.49488;0;6 BZ / 9 BZ / VARIANTI / 
5042;via Roma 2 - Romstr. 2;11.3414297222222;46.4923061111111;0;153 BZ / 2 BZ / 3 BZ / 4 BZ / 7B BZ / CIMITERO / VARIANTI / 
5041;via Roma 2 - Romstr. 2;11.3415716666667;46.4917202777778;0;2 BZ / 4 BZ / 7A BZ / CIMITERO / VARIANTI / 
100007;via Fago 2 - Fagen Str. 2;11.3424388888889;46.5079933333333;0;VARIANTI / 
5047;via C. Augusta 4 - C. Augusta Str. 4;11.3413488888889;46.4817163888889;0;10B BZ / 2 BZ / CIMITERO / 
5048;via C. Augusta 4 - C. Augusta Str. 4;11.3413894444444;46.4816597222222;0;10A BZ / 2 BZ / CIMITERO / 
5035;corso Liberta` 1 - Freiheitsstr. 1;11.3423655555556;46.5013522222222;0;10A BZ / 2 BZ / 3 BZ / 4 BZ / 5 BZ / 7A BZ / 8 BZ / BZ-ME / NALLES / VARIANTI / 
5315;via Druso 2 - Drusus Str. 2;11.3421380555556;46.4947141666667;0;6 BZ / 9 BZ / VARIANTI / 
5036;corso Liberta` 1 - Freiheitsstr. 1;11.3425805555556;46.5011741666667;0;10B BZ / 153 BZ / 2 BZ / 3 BZ / 4 BZ / 5 BZ / 7B BZ / 8 BZ / BZ-ME / NALLES / VARIANTI / 
5241;via Roma 3 - Romstr. 3;11.34217;46.4905080555556;0;2 BZ / 4 BZ / 7B BZ / CIMITERO / VARIANTI / 
5119;via Diaz 2 - Diaz Str. 2;11.3429358333333;46.5029175;0;1 BZ / 14 BZ / 
5077;via Pietralba 1 - Weissensteiner Str. 1;11.33967;46.4257669444444;0;VARIANTI / 
852;Costa - Seit;11.3405125;46.4431938888889;0;2 BZ / 4 BZ / 
5061;Costa - Seit;11.3405994444444;46.4432552777778;0;2 BZ / 4 BZ / 
5081;via Galizia 1 - Galizien Str. 1;11.3401025;46.4286619444444;0;VAD_LAIV / VARIANTI / 
946;via Galizia 2 - Galizien Str. 2;11.3404955555556;46.4296661111111;0;VAD_LAIV / VARIANTI / 
5082;via Galizia 2 - Galizien Str. 2;11.3406969444444;46.4302327777778;0;VAD_LAIV / VARIANTI / 
878;Laives via Dante - Leifers Dante Str.;11.3407488888889;46.42569;0;VAD_LAIV / VARIANTI / 
877;Laives via Dante - Leifers Dante Str.;11.3408119444444;46.4257455555556;0;VAD_LAIV / VARIANTI / 
5045;via C. Augusta 3 - C. Augusta Str. 3;11.3433158333333;46.4836477777778;0;10B BZ / 2 BZ / CIMITERO / 
5043;via Roma 4 - Romstr. 4;11.3435291666667;46.4868416666667;0;2 BZ / 7A BZ / CIMITERO / VARIANTI / 
5022;piazza Vittoria 1 - Siegesplatz 1;11.3441080555556;46.5002713888889;0;2 BZ / 3 BZ / 4 BZ / 7A BZ / 8 BZ / CIMITERO / VARIANTI / 
5044;via Roma 4 - Romstr. 4;11.3436552777778;46.4868975;0;2 BZ / 7B BZ / CIMITERO / VARIANTI / 
5313;via Druso 1 - Drusus Str. 1;11.3441619444444;46.4946175;0;6 BZ / 9 BZ / VARIANTI / 
5141;via C. Weinegg 3 - Weinegg Str. 3;11.3437469444444;46.4804775;0;14 BZ / 7A BZ / 7B BZ / NOTTURNA / VARIANTI / 
100008;via Fago 1 - Fagen Str. 1;11.3451222222222;46.5084147222222;0;VARIANTI / 
5046;via C. Augusta 3 - C. Augusta Str. 3;11.3440994444444;46.4844388888889;0;10A BZ / 2 BZ / CIMITERO / 
5115;via Fago 1 - Fagen Str. 1;11.3452127777778;46.5085416666667;0;1 BZ / 14 BZ / 153 BZ / VARIANTI / 
5034;piazza Vittoria 2 - Siegesplatz 2;11.3448833333333;46.5007516666667;0;10B BZ / 153 BZ / 2 BZ / 3 BZ / 4 BZ / 5 BZ / 7B BZ / 8 BZ / VARIANTI / 
5109;via Diaz 1 - Diaz Str. 1;11.3449391666667;46.5014058333333;0;1 BZ / 12 BZ / 14 BZ / VARIANTI / 
5021;piazza Vittoria 1 - Siegesplatz 1;11.3449494444444;46.5001747222222;0;153 BZ / 2 BZ / 3 BZ / 4 BZ / 7B BZ / 8 BZ / CIMITERO / 
5312;via Druso 1 - Drusus Str. 1;11.344745;46.4947322222222;0;6 BZ / 9 BZ / VARIANTI / 
5033;piazza Vittoria 2 - Siegesplatz 2;11.3450088888889;46.5008238888889;0;10A BZ / 2 BZ / 3 BZ / 4 BZ / 5 BZ / 7A BZ / 8 BZ / 
5085;via Pietralba Ipes - Weissensteinerstr. Ipes ;11.3420169444444;46.4243919444444;0;VAD_LAIV / VARIANTI / 
5108;via Diaz 1 - Diaz Str. 1;11.3454977777778;46.5008411111111;0;1 BZ / 14 BZ / 153 BZ / 
944;via Pietralba Ipes - Weissensteinerstr. Ipes ;11.3423777777778;46.4241111111111;0;VAD_LAIV / 
5131;via C. Augusta 2 - C. Augusta Str. 2;11.3451241666667;46.4859033333333;0;10B BZ / 7B BZ / VARIANTI / 
5130;via C. Augusta 2 - C. Augusta Str. 2;11.3451777777778;46.4858461111111;0;10A BZ / 7A BZ / VARIANTI / 
1105;via Kennedy 1 - Kennedy Str. 1;11.3431083333333;46.4291705555556;0;2 BZ / INT_LAIV / VAD_LAIV / VARIANTI / 
880;Pineta nuova - Steinmannwald neu;11.3438075;46.4423725;0;2 BZ / 4 BZ / VARIANTI / 
5111;via Cadorna 3 - Cadorna Str. 3;11.3465363888889;46.5046272222222;0;1 BZ / 12 BZ / VARIANTI / 
5133;via C. Augusta 1 - C. Augusta Str. 1;11.3458244444444;46.4872422222222;0;10B BZ / 7B BZ / VARIANTI / 
5110;via Cadorna 3 - Cadorna Str. 3;11.3465833333333;46.5046038888889;0;1 BZ / 14 BZ / 153 BZ / 
853;Pineta Nuova - Neu Steinmannwald;11.3440197222222;46.4424966666667;0;2 BZ / 4 BZ / INT_LAIV / VARIANTI / 
5132;via C. Augusta 1 - C. Augusta Str. 1;11.346115;46.4875386111111;0;10A BZ / 7A BZ / VARIANTI / 
876;via Sottomonte - Unterbergstr.;11.3436394444444;46.4281125;0;VAD_LAIV / VARIANTI / 
879;via Sottomonte - Unterbergstr.;11.3436594444444;46.4280972222222;0;VAD_LAIV / VARIANTI / 
5114;via Cadorna 1 - Cadorna Str. 1;11.3471252777778;46.5086877777778;0;1 BZ / 14 BZ / 153 BZ / 
5113;via Cadorna 2 - Cadorna Str. 2;11.3471694444444;46.5073086111111;0;12 BZ / VARIANTI / 
5112;via Cadorna 2 - Cadorna Str. 2;11.3472505555556;46.5070222222222;0;1 BZ / 14 BZ / 153 BZ / 
5329;via C. Weinegg 2 - Weinegg Str. 2;11.3462072222222;46.4813494444445;0;NOTTURNA / 
5140;via C. Weinegg 2 - Weinegg Str. 2;11.3462697222222;46.4813436111111;0;14 BZ / 7A BZ / 7B BZ / NOTTURNA / VARIANTI / 
1104;via Kennedy 1 - Kennedy Str. 1;11.3442286111111;46.4295375;0;2 BZ / 4 BZ / INT_LAIV / VAD_LAIV / VARIANTI / 
5224;via Sarentino 2 - Sarntaler Str. 2;11.3477025;46.5099430555556;0;1 BZ / 12 BZ / 14 BZ / VARIANTI / 
5310;ponte Druso - Drusus Bruecke;11.34705;46.4947752777778;0;6 BZ / 9 BZ / VARIANTI / 
5223;via Sarentino 2 - Sarntaler Str. 2;11.3477891666667;46.5099591666667;0;1 BZ / 14 BZ / 
5129;via Trento 2 - Trienter Str. 2;11.3471275;46.4899225;0;10A BZ / 7A BZ / NOTTURNA / 
5128;via Trento 2 - Trienter Str. 2;11.3471741666667;46.4900147222222;0;10B BZ / 14 BZ / 7B BZ / NOTTURNA / 
1102;Pineta - Steinmannwald;11.3449511111111;46.4381130555556;0;2 BZ / 4 BZ / VARIANTI / 
5023;via Rosmini - Rosmini Str.;11.3478844444444;46.4997744444445;0;1 BZ / 10B BZ / 12 BZ / 14 BZ / 153 BZ / 2 BZ / 3 BZ / 4 BZ / 5 BZ / 7B BZ / 8 BZ / CIMITERO / VARIANTI / 
5137;via S. Vigilio 2 - St. Vigil Str. 2;11.3472708333333;46.4838763888889;0;14 BZ / 7A BZ / 7B BZ / NOTTURNA / VARIANTI / 
5138;via C. Weinegg 1 - Weinegg Str. 1;11.3473336111111;46.48223;0;14 BZ / 7A BZ / 7B BZ / NOTTURNA / VARIANTI / 
5135;via S. Geltrude 1 - St. Gertraudweg 1;11.3475766666667;46.4875022222222;0;14 BZ / 7A BZ / 7B BZ / NOTTURNA / VARIANTI / 
1103;Pineta - Steinmannwald;11.3454975;46.4373825;0;2 BZ / 4 BZ / INT_LAIV / VARIANTI / 
5134;via S. Geltrude 1 - St. Gertraudweg 1;11.3477527777778;46.4873313888889;0;14 BZ / 7A BZ / 7B BZ / NOTTURNA / VARIANTI / 
5330;Passeggiata dei Castani - Koestenweg;11.3476708333333;46.4813886111111;0;14 BZ / 7A BZ / 7B BZ / NOTTURNA / VARIANTI / 
100013;via Talvera - Talfergasse;11.3486977777778;46.5004172222222;0;VARIANTI / 
5136;via S. Vigilio 1 - St. Vigil Str. 1;11.3485655555556;46.4862283333333;0;14 BZ / 7A BZ / 7B BZ / NOTTURNA / VARIANTI / 
5032;via Cassa di Risparmio - Sparkassen Str.;11.3491988888889;46.4991797222222;0;1 BZ / 10A BZ / 14 BZ / 153 BZ / 2 BZ / 3 BZ / 4 BZ / 5 BZ / 7A BZ / 8 BZ / CIMITERO / VARIANTI / 
5226;via Sarentino 1 - Sarntaler Str. 1;11.3499211111111;46.5123691666667;0;1 BZ / 12 BZ / 14 BZ / VARIANTI / 
904;Rotonda Pineta - Kreisvk. Steinmannwald;11.3467194444444;46.4355280555556;0;2 BZ / 4 BZ / VARIANTI / 
5225;via Sarentino 1 - Sarntaler Str. 1;11.3501444444444;46.5124794444444;0;1 BZ / 14 BZ / 
5311;ponte Druso - Drusus Bruecke;11.3495597222222;46.4949430555556;0;6 BZ / 9 BZ / VARIANTI / 
5351;via Ospedale - Spitalgasse;11.3497611111111;46.4976036111111;0;1 BZ / 10B BZ / 12 BZ / 14 BZ / 153 BZ / 2 BZ / 3 BZ / 4 BZ / 5 BZ / 7B BZ / 8 BZ / CIMITERO / VARIANTI / 
5250;via Castel Flavon - Kuepachweg;11.3493208333333;46.4835186111111;0;14 BZ / 7A BZ / 7B BZ / NOTTURNA / VARIANTI / 
903;Pineta Rotw. 2 - Steinmannwald Rotw. 2;11.3476466666667;46.4437969444444;0;INT_LAIV / VARIANTI / 
5139;via C. Weinegg 4 - Weinegg Str. 4;11.3493836111111;46.4821580555556;0;14 BZ / 7A BZ / 7B BZ / NOTTURNA / VARIANTI / 
5142;via S. Geltrude 2 - St. Gertraudweg 2;11.3496805555556;46.4864241666667;0;14 BZ / 7A BZ / 7B BZ / NOTTURNA / VARIANTI / 
100012;via dei Vanga - Wangergasse;11.3509016666667;46.5015444444444;0;VARIANTI / 
5025;piazza Universit- Universittsplatz;11.3508547222222;46.4989675;0;1 BZ / 10A BZ / 14 BZ / 153 BZ / 2 BZ / 3 BZ / 4 BZ / 5 BZ / 7A BZ / 8 BZ / CIMITERO / VARIANTI / 
2264;Rotwand - Rotwand;11.3485294444444;46.4440558333333;0;SCOL_BZ / 
867;Pineta Rotwand - Steinmannwald Rotwand;11.3485405555556;46.44396;0;INT_LAIV / VARIANTI / 
4085;scuole Fermi/Lienz - Schulen Fermi/Lienz;11.3507258333333;46.4867819444444;0;SCOL_BZ / 
100018;via dei Vanga - Wangergasse;11.3517919444444;46.5011725;0;VARIANTI / 
5027;piazza Domenicani - Dominikaner Platz;11.3516997222222;46.4978236111111;0;1 BZ / 10A BZ / 14 BZ / 153 BZ / 2 BZ / 3 BZ / 4 BZ / 5 BZ / 7A BZ / 8 BZ / BZ-ME / CIMITERO / NALLES / VARIANTI / 
5127;via Trento 1 - Trienter Str. 1;11.3514936111111;46.4924566666667;0;10B BZ / 14 BZ / 7B BZ / NOTTURNA / 
5317;Funivia S. Genesio - Seilbahn Jenesien;11.3526022222222;46.5141769444444;0;1 BZ / 12 BZ / 14 BZ / VARIANTI / 
5026;piazza Domenicani - Dominikaner Platz;11.3519544444444;46.4977541666667;0;1 BZ / 10B BZ / 12 BZ / 14 BZ / 153 BZ / 2 BZ / 3 BZ / 4 BZ / 5 BZ / 7B BZ / 8 BZ / BZ-ME / CIMITERO / NALLES / VARIANTI / 
5126;via Trento 1 - Trienter Str. 1;11.3524577777778;46.4929516666667;0;10A BZ / 7A BZ / NOTTURNA / 
100016;via Castel Roncolo 1 - Runkelsteinerstr. 1;11.3532391666667;46.5053930555556;0;VARIANTI / 
5307;piazza Verdi - Verdi Platz;11.3533202777778;46.4953838888889;0;6 BZ / 9 BZ / VARIANTI / 
5305;via S. Antonio - St. Anton Str.;11.3541175;46.5130519444444;0;12 BZ / VARIANTI / 
100017;via Beato Arrigo 1 - Selig Heinrich Str. 1;11.3538294444444;46.5062844444444;0;VARIANTI / 
100014;via Castel Roncolo 2 - Runkelsteinerstr. 2;11.3540658333333;46.5014902777778;0;VARIANTI / 
5304;via Beato Arrigo - Selig-Heinrich Str.;11.3543263888889;46.5074477777778;0;12 BZ / VARIANTI / 
5029;piazza Walther - Walther Platz;11.3542286111111;46.4979141666667;0;1 BZ / 10A BZ / 14 BZ / 153 BZ / 2 BZ / 3 BZ / 4 BZ / 5 BZ / 7A BZ / 8 BZ / CIMITERO / 
5303;via Weggenstein 2 - Weggenstein Str. 2;11.3547244444444;46.5055744444444;0;12 BZ / VARIANTI / 
5028;piazza Walther - Walther Platz;11.3544786111111;46.4978308333333;0;1 BZ / 10B BZ / 12 BZ / 14 BZ / 153 BZ / 2 BZ / 3 BZ / 4 BZ / 5 BZ / 7B BZ / 8 BZ / CIMITERO / VARIANTI / 
5309;piazza Verdi - Verdi Platz;11.3547027777778;46.4949691666667;0;10A BZ / 11 BZ / 6 BZ / 9 BZ / NOTTURNA / VARIANTI / 
100015;via Vintler - Vintler Str.;11.3551919444444;46.5011541666667;0;VARIANTI / 
5222;via Alto Adige 1 - Suedtiroler Str. 1;11.3550397222222;46.4969947222222;0;MERCATIN / 
5124;via Perathoner - Perathoner Str.;11.3559136111111;46.4970125;0;6 BZ / 7B BZ / 9 BZ / NOTTURNA / VARIANTI / 
5125;via Perathoner - Perathoner Str.;11.3560772222222;46.4969513888889;0;11 BZ / 12 BZ / 13 BZ / 7A BZ / TRASF / VARIANTI / 
5253;via Macello 7 - Schlachthof Str. 7;11.3560102777778;46.4945194444444;0;11 BZ / 
5302;via Weggenstein 1 - Weggenstein Str. 1;11.356535;46.5035977777778;0;12 BZ / VARIANTI / 
1000;Bolzano Autostazione - Bozen AutBhf;11.3563072222222;46.4960386111111;0;BZ-ME / NALLES / TRASF / TRAS_DIP / VARIANTI / 
100019;via Weggenstein 1 - Weggenstein Str. 1 non esiste;11.3569083333333;46.5018452777778;0;VARIANTI / 
5106;stazione 3 - Bahnhof 3;11.3571180555556;46.4970413888889;0;1 BZ / 10A BZ / 11 BZ / 13 BZ / 14 BZ / 153 BZ / 2 BZ / 3 BZ / 4 BZ / 5 BZ / 6 BZ / 8 BZ / 9 BZ / CIMITERO / NOTTURNA / VARIANTI / 
5107;stazione 3 - Bahnhof 3;11.3573386111111;46.4969572222222;0;1 BZ / 10B BZ / BZ-ME / NALLES / TRASF / VARIANTI / 
5306;Castel Roncolo - Schloss Runkelstein;11.3584316666667;46.5155683333333;0;12 BZ / VARIANTI / 
5352;stazione 1 - Bahnhof 1;11.3579211111111;46.4965261111111;0;10A BZ / 11 BZ / 153 BZ / 2 BZ / 3 BZ / 4 BZ / 5 BZ / 6 BZ / 9 BZ / BZ-ME / CIMITERO / NOTTURNA / TRASF / TRAS_DIP / VARIANTI / 
5254;via Macello 6 - Schlachthof Str. 6;11.3578705555556;46.4949133333333;0;11 BZ / 
5104;stazione 2 - Bahnhof 2;11.3589047222222;46.4971055555556;0;1 BZ / 11 BZ / 12 BZ / 13 BZ / 14 BZ / 8 BZ / NOTTURNA / VARIANTI / 
5122;via De Lai - De Lai Str.;11.3595483333333;46.499285;0;12 BZ / 8 BZ / VARIANTI / 
5301;via Cavour - Cavour Str.;11.3597055555556;46.5015630555556;0;12 BZ / VARIANTI / 
5120;piazza Dogana - Zollstange;11.3608283333333;46.5001858333333;0;12 BZ / 8 BZ / VARIANTI / 
5255;via Macello 5 - Schlachthof Str. 5;11.3606344444444;46.4937672222222;0;11 BZ / 
5103;Funivia del Renon - Rittner Seilbahn;11.3631844444444;46.4994522222222;0;1 BZ / 13 BZ / 14 BZ / NOTTURNA / VARIANTI / 
5256;via Macello 4 - Schlachthof Str. 4;11.3630911111111;46.4932219444444;0;11 BZ / 
5102;Funivia del Renon - Rittner Seilbahn;11.3636472222222;46.4996788888889;0;1 BZ / 11 BZ / 13 BZ / 14 BZ / NOTTURNA / VARIANTI / 
5100;via Brennero - Brenner Str.;11.3645622222222;46.5011502777778;0;1 BZ / NOTTURNA / VARIANTI / 
5262;via Macello 1 - Schlachthof Str. 1;11.3653572222222;46.4978991666667;0;11 BZ / 13 BZ / 14 BZ / VARIANTI / 
5101;via Brennero - Brenner Str.;11.3655825;46.5009883333333;0;1 BZ / NOTTURNA / VARIANTI / 
5263;via Macello 1 - Schlachthof Str. 1;11.3659016666667;46.4978913888889;0;13 BZ / 14 BZ / VARIANTI / 
5328;via Macello 2 - Schlachthof Str. 2;11.3676558333333;46.4967094444445;0;11 BZ / 13 BZ / 14 BZ / VARIANTI / 
5260;via Macello 3 - Schlachthof Str. 3;11.3681044444444;46.4953663888889;0;13 BZ / 14 BZ / VARIANTI / 
5261;via Macello 2 - Schlachthof Str. 2;11.3682516666667;46.4960358333333;0;13 BZ / 14 BZ / VARIANTI / 
5257;Funivia del Colle - Kohlern Seilbahn;11.368435;46.4910761111111;0;13 BZ / 
5327;ponte Campiglio - Kampiller Bruecke;11.3685758333333;46.4932652777778;0;11 BZ / 13 BZ / 14 BZ / VARIANTI / 
5259;ponte Campiglio - Kampiller Bruecke;11.3689666666667;46.4923641666667;0;13 BZ / 14 BZ / VARIANTI / 
5098;via Rencio 1 - Rentschner Str. 1;11.3701261111111;46.4990638888889;0;1 BZ / NOTTURNA / VARIANTI / 
5326;via Piani di Mezzo - Mitterweg;11.3699819444444;46.4953969444444;0;11 BZ / 
5099;via Rencio 1 - Rentschner Str. 1;11.3702108333333;46.4990169444444;0;1 BZ / NOTTURNA / VARIANTI / 
5359;via degli Artigiani - Handwerkerstr.;11.3703311111111;46.4943488888889;0;11 BZ / 
5096;via Rencio 2 - Rentschner Str. 2;11.3758083333333;46.4986227777778;0;1 BZ / NOTTURNA / VARIANTI / 
5360;Kampill Center - Kampill Center;11.3761930555556;46.4935208333333;0;13 BZ / VARIANTI / 
5097;via Rencio 2 - Rentschner Str. 2;11.3764713888889;46.4982791666667;0;1 BZ / NOTTURNA / VARIANTI / 
5094;via Rencio 3 - Rentschner Str. 3;11.3794563888889;46.4971975;0;1 BZ / NOTTURNA / VARIANTI / 
5095;via Rencio 3 - Rentschner Str. 3;11.379655;46.4971236111111;0;1 BZ / NOTTURNA / VARIANTI / 
5366;Mila Milkon - Mila Milkon;11.3819044444444;46.4935869444444;0;VARIANTI / 
5092;via Rencio 4 - Rentschner Str. 4;11.3840180555556;46.4960766666667;0;1 BZ / NOTTURNA / VARIANTI / 
5093;via Rencio 4 - Rentschner Str. 4;11.3842466666667;46.4959841666667;0;1 BZ / NOTTURNA / VARIANTI / 
5091;Cardano - Kardaun;11.3916763888889;46.4950883333333;0;1 BZ / NOTTURNA / VARIANTI / 
1364;Cardano Dist. Sanitario - Kardaun Sozialspr.;11.3917363888889;46.4944383333333;0;13 BZ / 
5090;Cardano - Kardaun;11.3918155555556;46.4949738888889;0;1 BZ / NOTTURNA / VARIANTI / 
8565;Cardano via Cornedo - Kardaun Karneiderstr.;11.3937519444444;46.4922980555556;0;13 BZ / VARIANTI / 
1236;Cardano Cimitero - Kardaun Friedhof;11.3943458333333;46.4927052777778;0;13 BZ / 
8566;Cardano via Cornedo - Kardaun Karneiderstr.;11.3944411111111;46.4920605555556;0;13 BZ / VARIANTI / 
1237;Cardano Cimitero - Kardaun Friedhof;11.3946616666667;46.4927261111111;0;13 BZ / 
5365;Cardano zona Art. - Kardaun Hanwerkerz.;11.3990805555556;46.4920638888889;0;13 BZ / VARIANTI / 
5364;Cardano zona Art. - Kardaun Hanwerkerz.;11.3991577777778;46.4921352777778;0;13 BZ / VARIANTI / 
1347;Castel Cornedo - Schloss Karneid;11.4015175;46.4896302777778;0;13 BZ / 
5367;San Vito - St. Veit;11.4034322222222;46.4845141666667;0;13 BZ / 
8568;Cornedo Paese - Karneid Dorf;11.4038513888889;46.4892261111111;0;13 BZ / VARIANTI / 
5361;San Vito - St. Veit;11.4037297222222;46.484485;0;13 BZ / VARIANTI / 
8567;Cornedo Paese - Karneid Dorf;11.4047086111111;46.4893141666667;0;13 BZ / VARIANTI / 
5362;Strobilo - Strobelwiese;11.4059391666667;46.4840022222222;0;13 BZ / VARIANTI / 
5363;Strobilo - Strobelwiese;11.4059525;46.4840605555556;0;13 BZ / VARIANTI / 
1239;Cornedo Moar - Karneid Moar;11.4070727777778;46.4890508333333;0;13 BZ / 
1238;Cornedo Moar - Karneid Moar;11.4073027777778;46.4889963888889;0;13 BZ / 